Team,Year,Cmp,Att,Cmp%,Yds,TD,TD%,Int,Int%,Y/A,AY/A,Y/C,Y/G,Rate,Sacks,Yds-s,Sk%,NetYds/Att,AdjNY/A,Wins,Losses,Tied,Win/Loss%,Pts Scored,Pts Against,Net Pts,Winning_Season
Arizona Cardinals,2001,304,525,57.9,3653,18,3.4,14,2.7,7.0,6.4,12.0,228.3,79.6,29,204,5.2,6.23,5.74,7,9,0,0.438,295,343,-48,0
Atlanta Falcons,2001,223,365,61.1,2847,16,4.4,14,3.8,7.8,7.0,12.8,203.4,84.1,41,261,10.1,6.37,5.61,7,9,0,0.438,291,377,-86,0
Baltimore Ravens,2001,265,467,56.7,3033,15,3.2,18,3.9,6.5,5.4,11.4,216.6,71.1,28,215,5.7,5.69,4.66,10,6,0,0.625,303,265,38,1
Buffalo Bills,2001,178,307,58.0,2056,12,3.9,11,3.6,6.7,5.9,11.6,171.3,76.4,14,73,4.4,6.18,5.38,3,13,0,0.188,265,420,-155,0
Carolina Panthers,2001,293,540,54.3,2931,11,2.0,19,3.5,5.4,4.3,10.0,195.4,62.0,26,177,4.6,4.87,3.74,1,15,0,0.063,253,410,-157,0
Chicago Bears,2001,228,395,57.7,2299,13,3.3,10,2.5,5.8,5.3,10.1,164.2,74.9,11,72,2.7,5.49,5.02,13,3,0,0.813,338,203,135,1
Cincinnati Bengals,2001,313,581,53.9,3216,12,2.1,22,3.8,5.5,4.2,10.3,201.0,61.1,25,185,4.1,5.0,3.76,6,10,0,0.375,226,309,-83,0
Cleveland Browns,2001,272,454,59.9,3040,17,3.7,21,4.6,6.7,5.4,11.2,190.0,73.1,51,353,10.1,5.32,4.12,7,9,0,0.438,285,319,-34,0
Dallas Cowboys,2001,90,176,51.1,1072,5,2.8,7,4.0,6.1,4.9,11.9,134.0,63.0,12,56,6.4,5.4,4.26,5,11,0,0.313,246,338,-92,0
Denver Broncos,2001,275,451,61.0,2827,23,5.1,19,4.2,6.3,5.4,10.3,188.5,78.5,38,241,7.8,5.29,4.48,8,8,0,0.5,340,339,1,1
Detroit Lions,2001,198,341,58.1,2392,12,3.5,12,3.5,7.0,6.1,12.1,239.2,76.8,33,176,8.8,5.93,5.12,2,14,0,0.125,270,424,-154,0
Green Bay Packers,2001,314,510,61.6,3921,32,6.3,15,2.9,7.7,7.6,12.5,245.1,94.1,22,151,4.1,7.09,7.02,12,4,0,0.75,390,266,124,1
Indianapolis Colts,2001,343,547,62.7,4131,26,4.8,23,4.2,7.6,6.6,12.0,258.2,84.1,29,232,5.0,6.77,5.88,6,10,0,0.375,413,486,-73,0
Jacksonville Jaguars,2001,289,473,61.1,3309,19,4.0,13,2.7,7.0,6.6,11.4,220.6,84.1,57,387,10.8,5.51,5.13,6,10,0,0.375,294,286,8,0
Kansas City Chiefs,2001,296,523,56.6,3783,17,3.3,24,4.6,7.2,5.8,12.8,236.4,71.1,39,198,6.9,6.38,5.06,6,10,0,0.375,320,344,-24,0
Miami Dolphins,2001,273,450,60.7,3290,20,4.4,19,4.2,7.3,6.3,12.1,205.6,80.3,27,178,5.7,6.52,5.57,11,5,0,0.688,344,290,54,1
Minnesota Vikings,2001,235,366,64.2,2612,14,3.8,13,3.6,7.1,6.3,11.1,237.5,83.3,33,186,8.3,6.08,5.32,5,11,0,0.313,290,390,-100,0
New Orleans Saints,2001,312,558,55.9,3832,26,4.7,22,3.9,6.9,6.0,12.3,239.5,76.4,50,330,8.2,5.76,4.99,7,9,0,0.438,333,409,-76,0
New England Patriots,2001,264,413,63.9,2843,18,4.4,12,2.9,6.9,6.4,10.8,189.5,86.5,41,216,9.0,5.79,5.39,11,5,0,0.688,371,272,99,1
New York Giants,2001,327,568,57.6,3764,19,3.3,16,2.8,6.6,6.0,11.5,235.3,77.1,36,206,6.0,5.89,5.33,7,9,0,0.438,294,321,-27,0
New York Jets,2001,260,441,59.0,2752,15,3.4,14,3.2,6.2,5.5,10.6,172.0,75.3,18,122,3.9,5.73,5.01,10,6,0,0.625,308,295,13,1
Las Vegas Raiders,2001,361,549,65.8,3828,27,4.9,9,1.6,7.0,7.2,10.6,239.3,95.5,27,155,4.7,6.38,6.61,10,6,0,0.625,399,327,72,1
Philadelphia Eagles,2001,285,493,57.8,3233,25,5.1,12,2.4,6.6,6.5,11.3,202.1,84.3,39,273,7.3,5.56,5.49,11,5,0,0.688,343,208,135,1
Pittsburgh Steelers,2001,266,442,60.2,3109,14,3.2,11,2.5,7.0,6.5,11.7,194.3,81.7,29,175,6.2,6.23,5.77,13,3,0,0.813,352,212,140,1
Los Angeles Chargers,2001,294,521,56.4,3464,15,2.9,18,3.5,6.6,5.7,11.8,216.5,72.0,25,168,4.6,6.04,5.1,5,11,0,0.313,332,321,11,0
Seattle Seahawks,2001,176,321,54.8,2023,7,2.2,8,2.5,6.3,5.6,11.5,155.6,70.9,38,251,10.6,4.94,4.32,9,7,0,0.563,301,324,-23,1
San Francisco 49ers,2001,316,504,62.7,3538,32,6.3,12,2.4,7.0,7.2,11.2,221.1,94.8,26,114,4.9,6.46,6.65,12,4,0,0.75,409,282,127,1
Los Angeles Rams,2001,375,546,68.7,4830,36,6.6,22,4.0,8.8,8.4,12.9,301.9,101.4,38,233,6.5,7.87,7.41,14,2,0,0.875,503,273,230,1
Tampa Bay Buccaneers,2001,340,559,60.8,3406,13,2.3,11,2.0,6.1,5.7,10.0,212.9,77.7,44,269,7.3,5.2,4.81,9,7,0,0.563,324,280,44,1
Tennessee Titans,2001,264,431,61.3,3350,21,4.9,12,2.8,7.8,7.5,12.7,223.3,90.2,37,251,7.9,6.62,6.37,7,9,0,0.438,336,388,-52,0
Washington Commanders,2001,198,370,53.5,2386,10,2.7,10,2.7,6.4,5.8,12.1,159.1,71.3,29,173,7.3,5.55,4.92,8,8,0,0.5,256,303,-47,1
Arizona Cardinals,2002,284,530,53.6,2972,18,3.4,20,3.8,5.6,4.6,10.5,185.8,65.7,36,248,6.4,4.81,3.86,5,11,0,0.313,262,417,-155,0
Atlanta Falcons,2002,231,421,54.9,2936,16,3.8,8,1.9,7.0,6.9,12.7,195.7,81.6,33,206,7.3,6.01,5.93,9,6,1,0.594,402,314,88,1
Baltimore Ravens,2002,165,295,55.9,2084,13,4.4,11,3.7,7.1,6.3,12.6,189.5,77.3,30,203,9.2,5.79,5.06,7,9,0,0.438,316,354,-38,0
Buffalo Bills,2002,375,610,61.5,4359,24,3.9,15,2.5,7.1,6.8,11.6,272.4,86.0,54,369,8.1,6.01,5.72,8,8,0,0.5,379,397,-18,1
Carolina Panthers,2002,223,381,58.5,2630,15,3.9,14,3.7,6.9,6.0,11.8,187.9,77.4,31,192,7.5,5.92,5.12,7,9,0,0.438,258,302,-44,0
Chicago Bears,2002,180,314,57.3,1944,13,4.1,9,2.9,6.2,5.7,10.8,194.4,77.5,16,101,4.8,5.58,5.15,4,12,0,0.25,281,379,-98,0
Cincinnati Bengals,2002,294,473,62.2,3178,16,3.4,16,3.4,6.7,5.9,10.8,227.0,79.1,24,159,4.8,6.07,5.27,2,14,0,0.125,279,456,-177,0
Cleveland Browns,2002,273,443,61.6,2842,18,4.1,18,4.1,6.4,5.4,10.4,203.0,76.8,30,213,6.3,5.56,4.61,9,7,0,0.563,344,320,24,1
Dallas Cowboys,2002,127,250,50.8,1555,7,2.8,8,3.2,6.2,5.3,12.2,172.8,66.3,34,265,12.0,4.54,3.77,5,11,0,0.313,217,329,-112,0
Denver Broncos,2002,291,436,66.7,3214,15,3.4,15,3.4,7.4,6.5,11.0,247.2,85.6,34,237,7.2,6.33,5.54,9,7,0,0.563,392,344,48,1
Detroit Lions,2002,215,429,50.1,2294,12,2.8,16,3.7,5.3,4.2,10.7,163.9,59.9,8,75,1.8,5.08,3.98,3,13,0,0.188,306,451,-145,0
Green Bay Packers,2002,341,551,61.9,3658,27,4.9,16,2.9,6.6,6.3,10.7,228.6,85.6,26,188,4.5,6.01,5.7,12,4,0,0.75,398,328,70,1
Houston Texans,2002,233,444,52.5,2592,9,2.0,15,3.4,5.8,4.7,11.1,162.0,62.8,76,411,14.6,4.19,3.24,4,12,0,0.25,213,356,-143,0
Indianapolis Colts,2002,392,591,66.3,4200,27,4.6,19,3.2,7.1,6.6,10.7,262.5,88.8,23,145,3.7,6.6,6.09,10,6,0,0.625,349,313,36,1
Jacksonville Jaguars,2002,245,416,58.9,2788,17,4.1,7,1.7,6.7,6.8,11.4,185.9,85.7,34,210,7.6,5.73,5.78,6,10,0,0.375,328,315,13,0
Kansas City Chiefs,2002,287,470,61.1,3690,26,5.5,13,2.8,7.9,7.7,12.9,230.6,92.6,26,141,5.2,7.16,7.02,8,8,0,0.5,467,399,68,1
Miami Dolphins,2002,179,292,61.3,2024,14,4.8,9,3.1,6.9,6.5,11.3,184.0,85.2,13,89,4.3,6.34,5.93,9,7,0,0.563,378,301,77,1
Minnesota Vikings,2002,333,549,60.7,3853,18,3.3,23,4.2,7.0,5.8,11.6,240.8,75.3,47,244,7.9,6.06,4.92,6,10,0,0.375,390,442,-52,0
New Orleans Saints,2002,283,528,53.6,3572,27,5.1,15,2.8,6.8,6.5,12.6,223.3,80.1,36,236,6.4,5.91,5.68,9,7,0,0.563,432,388,44,1
New England Patriots,2002,373,601,62.1,3764,28,4.7,14,2.3,6.3,6.1,10.1,235.3,85.7,31,190,4.9,5.66,5.54,9,7,0,0.563,381,346,35,1
New York Giants,2002,335,545,61.5,4073,19,3.5,14,2.6,7.5,7.0,12.2,254.6,85.4,24,152,4.2,6.89,6.45,10,6,0,0.625,320,279,41,1
New York Jets,2002,275,399,68.9,3120,22,5.5,6,1.5,7.8,8.2,11.3,208.0,104.2,22,135,5.2,7.09,7.49,9,7,0,0.563,359,336,23,1
Las Vegas Raiders,2002,418,618,67.6,4689,26,4.2,10,1.6,7.6,7.7,11.2,293.1,97.3,36,214,5.5,6.84,6.95,11,5,0,0.688,450,304,146,1
Philadelphia Eagles,2002,211,361,58.4,2289,17,4.7,6,1.7,6.3,6.5,10.8,228.9,86.0,28,166,7.2,5.46,5.64,12,4,0,0.75,415,241,174,1
Pittsburgh Steelers,2002,234,377,62.1,2836,20,5.3,16,4.2,7.5,6.7,12.1,189.1,85.2,26,148,6.5,6.67,5.88,10,5,1,0.656,390,345,45,1
Los Angeles Chargers,2002,320,526,60.8,3284,17,3.2,16,3.0,6.2,5.5,10.3,205.3,76.9,24,180,4.4,5.64,4.95,8,8,0,0.5,333,367,-34,1
Seattle Seahawks,2002,267,419,63.7,3075,15,3.6,10,2.4,7.3,7.0,11.5,192.2,87.8,26,143,5.8,6.59,6.25,7,9,0,0.438,355,369,-14,0
San Francisco 49ers,2002,328,528,62.1,3344,21,4.0,10,1.9,6.3,6.3,10.2,209.0,85.6,17,93,3.1,5.97,5.91,10,6,0,0.625,367,351,16,1
Los Angeles Rams,2002,144,220,65.5,1431,3,1.4,11,5.0,6.5,4.5,9.9,204.4,67.4,21,130,8.7,5.4,3.59,7,9,0,0.438,316,369,-53,0
Tampa Bay Buccaneers,2002,281,451,62.3,3049,22,4.9,6,1.3,6.8,7.1,10.9,234.5,92.9,21,121,4.4,6.2,6.56,12,4,0,0.75,346,196,150,1
Tennessee Titans,2002,301,492,61.2,3387,22,4.5,15,3.0,6.9,6.4,11.3,211.7,84.0,21,121,4.1,6.37,5.91,11,5,0,0.688,367,324,43,1
Washington Commanders,2002,124,237,52.3,1251,11,4.6,6,2.5,5.3,5.1,10.1,156.4,72.6,9,54,3.7,4.87,4.66,7,9,0,0.438,307,365,-58,0
Arizona Cardinals,2003,208,367,56.7,2247,13,3.5,15,4.1,6.1,5.0,10.8,172.8,69.6,19,132,4.9,5.48,4.4,4,12,0,0.25,225,452,-227,0
Atlanta Falcons,2003,136,243,56.0,1655,8,3.3,12,4.9,6.8,5.2,12.2,165.5,67.5,19,121,7.3,5.85,4.4,5,11,0,0.313,299,422,-123,0
Baltimore Ravens,2003,116,224,51.8,1260,7,3.1,9,4.0,5.6,4.4,10.9,114.5,62.4,17,92,7.1,4.85,3.75,10,6,0,0.625,391,281,110,1
Buffalo Bills,2003,274,471,58.2,2860,11,2.3,12,2.5,6.1,5.4,10.4,178.8,73.0,49,371,9.4,4.79,4.17,6,10,0,0.375,243,279,-36,0
Carolina Panthers,2003,266,449,59.2,3219,19,4.2,16,3.6,7.2,6.4,12.1,201.2,80.6,23,168,4.9,6.46,5.74,11,5,0,0.688,325,304,21,1
Chicago Bears,2003,126,251,50.2,1418,7,2.8,12,4.8,5.6,4.1,11.3,157.6,56.8,25,146,9.1,4.61,3.16,7,9,0,0.438,283,346,-63,0
Cincinnati Bengals,2003,324,520,62.3,3591,26,5.0,15,2.9,6.9,6.6,11.1,224.4,87.4,37,249,6.6,6.0,5.72,8,8,0,0.5,346,384,-38,1
Cleveland Browns,2003,193,302,63.9,1797,10,3.3,12,4.0,6.0,4.8,9.3,179.7,74.6,21,166,6.5,5.05,4.0,5,11,0,0.313,254,322,-68,0
Dallas Cowboys,2003,292,505,57.8,3302,17,3.4,21,4.2,6.5,5.3,11.3,206.4,71.4,37,185,6.8,5.75,4.63,10,6,0,0.625,289,260,29,1
Denver Broncos,2003,189,302,62.6,2182,15,5.0,7,2.3,7.2,7.2,11.5,198.4,91.2,14,73,4.4,6.67,6.63,10,6,0,0.625,381,301,80,1
Detroit Lions,2003,309,554,55.8,2880,17,3.1,22,4.0,5.2,4.0,9.3,180.0,63.9,9,55,1.6,5.02,3.86,5,11,0,0.313,270,379,-109,0
Green Bay Packers,2003,308,471,65.4,3361,32,6.8,21,4.5,7.1,6.5,10.9,210.1,90.4,19,137,3.9,6.58,5.96,10,6,0,0.625,442,307,135,1
Houston Texans,2003,167,295,56.6,2013,9,3.1,13,4.4,6.8,5.5,12.1,167.8,69.5,15,90,4.8,6.2,4.9,5,11,0,0.313,255,380,-125,0
Indianapolis Colts,2003,379,566,67.0,4267,29,5.1,10,1.8,7.5,7.8,11.3,266.7,99.0,18,107,3.1,7.12,7.35,12,4,0,0.75,447,336,111,1
Jacksonville Jaguars,2003,239,418,57.2,2819,14,3.3,16,3.8,6.7,5.7,11.8,187.9,73.0,19,90,4.3,6.24,5.24,5,11,0,0.313,276,331,-55,0
Kansas City Chiefs,2003,330,523,63.1,4039,24,4.6,12,2.3,7.7,7.6,12.2,252.4,92.6,20,130,3.7,7.2,7.09,13,3,0,0.813,484,332,152,1
Miami Dolphins,2003,179,314,57.0,2138,11,3.5,13,4.1,6.8,5.6,11.9,178.2,72.4,19,126,5.7,6.04,4.95,10,6,0,0.625,311,261,50,1
Minnesota Vikings,2003,295,454,65.0,3479,25,5.5,11,2.4,7.7,7.7,11.8,248.5,96.4,37,196,7.5,6.69,6.7,9,7,0,0.563,416,353,63,1
New Orleans Saints,2003,306,518,59.1,3546,24,4.6,8,1.5,6.8,7.1,11.6,221.6,88.8,34,195,6.2,6.07,6.29,8,8,0,0.5,340,326,14,1
New England Patriots,2003,317,527,60.2,3620,23,4.4,12,2.3,6.9,6.7,11.4,226.3,85.9,32,219,5.7,6.08,5.94,14,2,0,0.875,348,238,110,1
New York Giants,2003,284,500,56.8,3110,13,2.6,16,3.2,6.2,5.3,11.0,239.2,70.7,28,164,5.3,5.58,4.71,4,12,0,0.25,243,387,-144,0
New York Jets,2003,189,297,63.6,2139,13,4.4,12,4.0,7.2,6.3,11.3,213.9,82.9,25,160,7.8,6.15,5.28,6,10,0,0.375,283,299,-16,0
Las Vegas Raiders,2003,125,225,55.6,1274,6,2.7,4,1.8,5.7,5.4,10.2,182.0,73.5,17,90,7.0,4.89,4.64,4,12,0,0.25,270,379,-109,0
Philadelphia Eagles,2003,275,478,57.5,3216,16,3.3,11,2.3,6.7,6.4,11.7,201.0,79.6,43,253,8.3,5.69,5.35,12,4,0,0.75,374,287,87,1
Pittsburgh Steelers,2003,298,519,57.4,3414,18,3.5,17,3.3,6.6,5.8,11.5,213.4,75.3,41,242,7.3,5.66,4.94,6,10,0,0.375,300,327,-27,0
Los Angeles Chargers,2003,205,356,57.6,2108,11,3.1,15,4.2,5.9,4.6,10.3,191.6,67.5,21,178,5.6,5.12,3.91,4,12,0,0.25,313,441,-128,0
Seattle Seahawks,2003,313,513,61.0,3841,26,5.1,15,2.9,7.5,7.2,12.3,240.1,88.8,42,246,7.6,6.48,6.2,10,6,0,0.625,404,327,77,1
San Francisco 49ers,2003,225,392,57.4,2704,18,4.6,13,3.3,6.9,6.3,12.0,208.0,80.1,21,104,5.1,6.3,5.75,7,9,0,0.438,384,337,47,0
Los Angeles Rams,2003,336,532,63.2,3845,22,4.1,22,4.1,7.2,6.2,11.4,256.3,81.4,37,288,6.5,6.25,5.28,12,4,0,0.75,447,328,119,1
Tampa Bay Buccaneers,2003,354,570,62.1,3811,26,4.6,21,3.7,6.7,5.9,10.8,238.2,81.5,20,111,3.4,6.27,5.55,7,9,0,0.438,301,264,37,0
Tennessee Titans,2003,250,400,62.5,3215,24,6.0,7,1.8,8.0,8.5,12.9,229.6,100.4,19,108,4.5,7.42,7.81,12,4,0,0.75,435,324,111,1
Washington Commanders,2003,179,337,53.1,2166,14,4.2,9,2.7,6.4,6.1,12.1,196.9,75.8,30,206,8.2,5.34,5.0,5,11,0,0.313,287,372,-85,0
Arizona Cardinals,2004,233,408,57.1,2511,11,2.7,10,2.5,6.2,5.6,10.8,179.4,74.1,31,263,7.1,5.12,4.6,6,10,0,0.375,284,322,-38,0
Atlanta Falcons,2004,181,321,56.4,2313,14,4.4,12,3.7,7.2,6.4,12.8,154.2,78.1,46,266,12.5,5.58,4.87,11,5,0,0.688,340,337,3,1
Baltimore Ravens,2004,258,464,55.6,2559,13,2.8,11,2.4,5.5,5.0,9.9,159.9,70.9,35,247,7.0,4.63,4.16,9,7,0,0.563,317,268,49,1
Buffalo Bills,2004,256,450,56.9,2932,20,4.4,16,3.6,6.5,5.8,11.5,183.3,76.6,37,215,7.6,5.58,4.92,9,7,0,0.563,395,284,111,1
Carolina Panthers,2004,310,533,58.2,3886,29,5.4,15,2.8,7.3,7.1,12.5,242.9,87.3,33,246,5.8,6.43,6.26,7,9,0,0.438,355,339,16,0
Chicago Bears,2004,92,161,57.1,903,4,2.5,3,1.9,5.6,5.3,9.8,180.6,73.6,23,160,12.5,4.04,3.74,5,11,0,0.313,231,331,-100,0
Cincinnati Bengals,2004,263,432,60.9,2897,18,4.2,18,4.2,6.7,5.7,11.0,222.8,77.3,25,178,5.5,5.95,4.96,8,8,0,0.5,374,372,2,1
Cleveland Browns,2004,144,252,57.1,1731,10,4.0,9,3.6,6.9,6.1,12.0,157.4,76.7,24,99,8.7,5.91,5.17,4,12,0,0.25,276,390,-114,0
Dallas Cowboys,2004,297,495,60.0,3532,17,3.4,20,4.0,7.1,6.0,11.9,220.8,76.4,34,182,6.4,6.33,5.27,6,10,0,0.375,293,405,-112,0
Denver Broncos,2004,303,521,58.2,4089,27,5.2,20,3.8,7.8,7.2,13.5,255.6,84.5,15,90,2.8,7.46,6.79,10,6,0,0.625,381,304,77,1
Detroit Lions,2004,274,489,56.0,3047,19,3.9,12,2.5,6.2,5.9,11.1,190.4,77.5,36,196,6.9,5.43,5.13,6,10,0,0.375,296,350,-54,0
Green Bay Packers,2004,346,540,64.1,4088,30,5.6,17,3.1,7.6,7.3,11.8,255.5,92.4,12,93,2.2,7.24,6.94,10,6,0,0.625,424,380,44,1
Houston Texans,2004,285,466,61.2,3531,16,3.4,14,3.0,7.6,6.9,12.4,220.7,83.5,49,301,9.5,6.27,5.67,7,9,0,0.438,309,339,-30,0
Indianapolis Colts,2004,336,497,67.6,4557,49,9.9,10,2.0,9.2,10.2,13.6,284.8,121.1,13,101,2.5,8.74,9.78,12,4,0,0.75,522,351,171,1
Jacksonville Jaguars,2004,267,441,60.5,2941,15,3.4,10,2.3,6.7,6.3,11.0,210.1,82.2,25,114,5.4,6.07,5.74,9,7,0,0.563,261,280,-19,1
Kansas City Chiefs,2004,369,556,66.4,4591,27,4.9,17,3.1,8.3,7.9,12.4,286.9,95.2,32,227,5.4,7.42,7.04,7,9,0,0.438,483,435,48,0
Miami Dolphins,2004,191,356,53.7,1893,11,3.1,15,4.2,5.3,4.0,9.9,172.1,61.7,23,136,6.1,4.64,3.44,4,12,0,0.25,275,354,-79,0
Minnesota Vikings,2004,379,548,69.2,4717,39,7.1,11,2.0,8.6,9.1,12.4,294.8,110.9,46,238,7.7,7.54,8.02,8,8,0,0.5,405,395,10,1
New Orleans Saints,2004,309,542,57.0,3810,21,3.9,16,3.0,7.0,6.5,12.3,238.1,79.5,41,223,7.0,6.15,5.64,8,8,0,0.5,348,405,-57,1
New England Patriots,2004,288,474,60.8,3692,28,5.9,14,3.0,7.8,7.6,12.8,230.8,92.6,26,162,5.2,7.06,6.92,14,2,0,0.875,437,260,177,1
New York Giants,2004,174,277,62.8,2054,6,2.2,4,1.4,7.4,7.2,11.8,205.4,86.5,39,196,12.3,5.88,5.69,6,10,0,0.375,303,347,-44,0
New York Jets,2004,242,370,65.4,2673,16,4.3,9,2.4,7.2,7.0,11.0,205.6,91.0,18,103,4.6,6.62,6.4,10,6,0,0.625,333,261,72,1
Las Vegas Raiders,2004,289,513,56.3,3495,21,4.1,20,3.9,6.8,5.9,12.1,249.6,74.8,25,144,4.6,6.23,5.34,5,11,0,0.313,320,442,-122,0
Philadelphia Eagles,2004,300,469,64.0,3875,31,6.6,8,1.7,8.3,8.8,12.9,258.3,104.7,32,192,6.4,7.35,7.87,13,3,0,0.813,386,260,126,1
Pittsburgh Steelers,2004,196,295,66.4,2621,17,5.8,11,3.7,8.9,8.4,13.4,187.2,98.1,30,213,9.2,7.41,6.93,15,1,0,0.938,372,251,121,1
Los Angeles Chargers,2004,262,400,65.5,3159,27,6.8,7,1.8,7.9,8.5,12.1,210.6,104.8,18,131,4.3,7.24,7.78,12,4,0,0.75,446,313,133,1
Seattle Seahawks,2004,279,474,58.9,3382,22,4.6,15,3.2,7.1,6.6,12.1,241.6,83.1,30,155,6.0,6.4,5.94,9,7,0,0.563,371,373,-2,1
San Francisco 49ers,2004,198,325,60.9,2169,10,3.1,10,3.1,6.7,5.9,11.0,241.0,78.1,37,211,10.2,5.41,4.72,2,14,0,0.125,259,452,-193,0
Los Angeles Rams,2004,321,485,66.2,3964,21,4.3,14,2.9,8.2,7.7,12.3,283.1,93.7,41,302,7.8,6.96,6.56,8,8,0,0.5,319,392,-73,1
Tampa Bay Buccaneers,2004,233,336,69.3,2632,20,6.0,12,3.6,7.8,7.4,11.3,239.3,97.5,26,169,7.2,6.8,6.42,5,11,0,0.313,301,304,-3,0
Tennessee Titans,2004,218,357,61.1,2486,18,5.0,10,2.8,7.0,6.7,11.4,248.6,87.1,30,216,7.8,5.87,5.63,5,11,0,0.313,344,439,-95,0
Washington Commanders,2004,169,272,62.1,1665,10,3.7,11,4.0,6.1,5.0,9.9,185.0,74.8,23,137,7.8,5.18,4.18,6,10,0,0.375,240,265,-25,0
Arizona Cardinals,2005,242,375,64.5,2713,11,2.9,9,2.4,7.2,6.7,11.2,271.3,85.8,23,158,5.8,6.42,5.95,5,11,0,0.313,311,387,-76,0
Atlanta Falcons,2005,214,387,55.3,2412,15,3.9,13,3.4,6.2,5.5,11.3,160.8,73.1,33,201,7.9,5.26,4.59,8,8,0,0.5,351,341,10,1
Baltimore Ravens,2005,171,293,58.4,1799,11,3.8,12,4.1,6.1,5.0,10.5,199.9,71.8,23,146,7.3,5.23,4.22,6,10,0,0.375,265,299,-34,0
Buffalo Bills,2005,155,230,67.4,1509,10,4.3,8,3.5,6.6,5.9,9.7,150.9,85.6,17,140,6.9,5.54,4.89,5,11,0,0.313,271,367,-96,0
Carolina Panthers,2005,262,435,60.2,3421,24,5.5,16,3.7,7.9,7.3,13.1,213.8,88.1,28,214,6.0,6.93,6.41,11,5,0,0.688,391,259,132,1
Chicago Bears,2005,190,368,51.6,1869,9,2.4,13,3.5,5.1,4.0,9.8,124.6,59.7,30,190,7.5,4.22,3.2,11,5,0,0.688,260,202,58,1
Cincinnati Bengals,2005,345,509,67.8,3836,32,6.3,12,2.4,7.5,7.7,11.1,239.8,101.1,19,105,3.6,7.07,7.26,11,5,0,0.688,421,350,71,1
Cleveland Browns,2005,199,333,59.8,2321,11,3.3,12,3.6,7.0,6.0,11.7,211.0,76.9,23,139,6.5,6.13,5.23,6,10,0,0.375,232,301,-69,0
Dallas Cowboys,2005,300,499,60.1,3639,23,4.6,17,3.4,7.3,6.7,12.1,227.4,83.7,49,295,8.9,6.1,5.55,9,7,0,0.563,325,308,17,1
Denver Broncos,2005,277,456,60.7,3366,18,3.9,7,1.5,7.4,7.5,12.2,210.4,90.2,22,135,4.6,6.76,6.85,13,3,0,0.813,395,258,137,1
Detroit Lions,2005,188,330,57.0,2021,12,3.6,12,3.6,6.1,5.2,10.8,168.4,72.0,24,136,6.8,5.32,4.48,5,11,0,0.313,254,345,-91,0
Green Bay Packers,2005,372,607,61.3,3881,20,3.3,29,4.8,6.4,4.9,10.4,242.6,70.9,24,170,3.8,5.88,4.45,4,12,0,0.25,298,344,-46,0
Houston Texans,2005,256,423,60.5,2488,14,3.3,11,2.6,5.9,5.4,9.7,155.5,77.2,68,424,13.8,4.2,3.77,2,14,0,0.125,260,431,-171,0
Indianapolis Colts,2005,305,453,67.3,3747,28,6.2,10,2.2,8.3,8.5,12.3,234.2,104.1,17,81,3.6,7.8,8.03,14,2,0,0.875,439,247,192,1
Jacksonville Jaguars,2005,175,302,57.9,2123,15,5.0,5,1.7,7.0,7.3,12.1,193.0,89.3,23,110,7.1,6.19,6.42,12,4,0,0.75,361,269,92,1
Kansas City Chiefs,2005,317,507,62.5,4014,17,3.4,10,2.0,7.9,7.7,12.7,250.9,90.1,32,204,5.9,7.07,6.86,10,6,0,0.625,403,325,78,1
Miami Dolphins,2005,257,494,52.0,2996,18,3.6,13,2.6,6.1,5.6,11.7,187.3,71.9,26,158,5.0,5.46,5.03,9,7,0,0.563,318,317,1,1
Minnesota Vikings,2005,184,294,62.6,1885,12,4.1,4,1.4,6.4,6.6,10.2,125.7,88.9,23,134,7.3,5.52,5.71,9,7,0,0.563,306,344,-38,1
New Orleans Saints,2005,240,431,55.7,2882,13,3.0,17,3.9,6.7,5.5,12.0,221.7,70.0,33,202,7.1,5.78,4.69,3,13,0,0.188,235,398,-163,0
New England Patriots,2005,334,530,63.0,4110,26,4.9,14,2.6,7.8,7.5,12.3,256.9,92.3,26,188,4.7,7.05,6.86,10,6,0,0.625,379,338,41,1
New York Giants,2005,294,557,52.8,3762,24,4.3,17,3.1,6.8,6.2,12.8,235.1,75.9,28,184,4.8,6.12,5.63,11,5,0,0.688,422,314,108,1
New York Jets,2005,150,266,56.4,1558,7,2.6,6,2.3,5.9,5.4,10.4,141.6,72.9,32,193,10.7,4.58,4.14,4,12,0,0.25,240,355,-115,0
Las Vegas Raiders,2005,302,565,53.5,3759,20,3.5,12,2.1,6.7,6.4,12.4,250.6,77.3,39,261,6.5,5.79,5.56,4,12,0,0.25,290,383,-93,0
Philadelphia Eagles,2005,211,357,59.1,2507,16,4.5,9,2.5,7.0,6.8,11.9,278.6,85.0,19,112,5.1,6.37,6.14,6,10,0,0.375,310,388,-78,0
Pittsburgh Steelers,2005,168,268,62.7,2385,17,6.3,9,3.4,8.9,8.7,14.2,198.8,98.6,23,129,7.9,7.75,7.53,11,5,0,0.688,389,258,131,1
Los Angeles Chargers,2005,323,500,64.6,3576,24,4.8,15,3.0,7.2,6.8,11.1,223.5,89.2,27,223,5.1,6.36,5.99,9,7,0,0.563,418,312,106,1
Seattle Seahawks,2005,294,449,65.5,3459,24,5.3,9,2.0,7.7,7.9,11.8,216.2,98.2,24,154,5.1,6.99,7.15,13,3,0,0.813,452,271,181,1
San Francisco 49ers,2005,84,165,50.9,875,1,0.6,11,6.7,5.3,2.4,10.4,97.2,40.8,29,185,14.9,3.56,1.11,4,12,0,0.25,239,428,-189,0
Los Angeles Rams,2005,192,287,66.9,2297,14,4.9,9,3.1,8.0,7.6,12.0,287.1,94.4,26,188,8.3,6.74,6.34,6,10,0,0.375,363,429,-66,0
Tampa Bay Buccaneers,2005,191,313,61.0,2035,10,3.2,7,2.2,6.5,6.1,10.7,185.0,81.4,29,205,8.5,5.35,5.01,11,5,0,0.688,300,274,26,1
Tennessee Titans,2005,292,476,61.3,3161,16,3.4,11,2.3,6.6,6.3,10.8,225.8,82.4,20,134,4.0,6.1,5.75,4,12,0,0.25,299,421,-122,0
Washington Commanders,2005,262,454,57.7,3050,23,5.1,10,2.2,6.7,6.7,11.6,190.6,85.9,27,213,5.6,5.9,5.92,10,6,0,0.625,359,293,66,1
Arizona Cardinals,2006,214,377,56.8,2547,11,2.9,12,3.2,6.8,5.9,11.9,212.3,74.0,21,158,5.3,6.0,5.2,5,11,0,0.313,314,389,-75,0
Atlanta Falcons,2006,204,388,52.6,2474,20,5.2,13,3.4,6.4,5.9,12.1,154.6,75.7,45,303,10.4,5.01,4.59,7,9,0,0.438,292,328,-36,0
Baltimore Ravens,2006,295,468,63.0,3050,16,3.4,12,2.6,6.5,6.0,10.3,190.6,82.5,14,84,2.9,6.15,5.7,13,3,0,0.813,353,201,152,1
Buffalo Bills,2006,268,429,62.5,3051,19,4.4,14,3.3,7.1,6.5,11.4,190.7,84.9,47,332,9.9,5.71,5.19,7,9,0,0.438,300,311,-11,0
Carolina Panthers,2006,263,431,61.0,2805,17,3.9,11,2.6,6.5,6.1,10.7,215.8,82.6,22,167,4.9,5.82,5.48,8,8,0,0.5,270,305,-35,1
Chicago Bears,2006,262,480,54.6,3193,23,4.8,20,4.2,6.7,5.7,12.2,199.6,73.9,21,142,4.2,6.09,5.21,13,3,0,0.813,427,255,172,1
Cincinnati Bengals,2006,324,520,62.3,4035,28,5.4,13,2.5,7.8,7.7,12.5,252.2,93.9,36,233,6.5,6.84,6.79,8,8,0,0.5,373,331,42,1
Cleveland Browns,2006,252,393,64.1,2454,10,2.5,17,4.3,6.2,4.8,9.7,188.8,72.0,44,262,10.1,5.02,3.72,4,12,0,0.25,238,356,-118,0
Dallas Cowboys,2006,220,337,65.3,2903,19,5.6,13,3.9,8.6,8.0,13.2,181.4,95.1,21,124,5.9,7.76,7.19,9,7,0,0.563,425,350,75,1
Denver Broncos,2006,175,317,55.2,1994,11,3.5,13,4.1,6.3,5.1,11.4,124.6,68.8,18,111,5.4,5.62,4.53,9,7,0,0.563,319,305,14,1
Detroit Lions,2006,372,596,62.4,4208,21,3.5,22,3.7,7.1,6.1,11.3,263.0,79.9,63,388,9.6,5.8,4.93,3,13,0,0.188,305,398,-93,0
Green Bay Packers,2006,343,613,56.0,3885,18,2.9,18,2.9,6.3,5.6,11.3,242.8,72.7,21,134,3.3,5.92,5.21,8,8,0,0.5,301,366,-65,1
Houston Texans,2006,302,442,68.3,2767,11,2.5,12,2.7,6.3,5.5,9.2,172.9,82.1,41,240,8.5,5.23,4.57,6,10,0,0.375,267,366,-99,0
Indianapolis Colts,2006,362,557,65.0,4397,31,5.6,9,1.6,7.9,8.3,12.1,274.8,101.0,14,86,2.5,7.55,7.93,12,4,0,0.75,427,360,67,1
Jacksonville Jaguars,2006,145,241,60.2,1735,10,4.1,9,3.7,7.2,6.3,12.0,157.7,80.5,20,119,7.7,6.19,5.41,8,8,0,0.5,371,274,97,1
Kansas City Chiefs,2006,148,244,60.7,1878,11,4.5,1,0.4,7.7,8.4,12.7,187.8,98.0,16,106,6.2,6.82,7.49,9,7,0,0.563,331,315,16,1
Miami Dolphins,2006,223,388,57.5,2236,12,3.1,15,3.9,5.8,4.6,10.0,203.3,68.2,15,116,3.7,5.26,4.18,6,10,0,0.375,260,283,-23,0
Minnesota Vikings,2006,270,439,61.5,2750,9,2.1,15,3.4,6.3,5.1,10.2,183.3,72.0,29,200,6.2,5.45,4.39,6,10,0,0.375,282,327,-45,0
New Orleans Saints,2006,356,554,64.3,4418,26,4.7,11,2.0,8.0,8.0,12.4,276.1,96.2,18,105,3.1,7.54,7.58,10,6,0,0.625,413,322,91,1
New England Patriots,2006,319,516,61.8,3529,24,4.7,12,2.3,6.8,6.7,11.1,220.6,87.9,26,175,4.8,6.19,6.08,12,4,0,0.75,385,237,148,1
New York Giants,2006,301,522,57.7,3244,24,4.6,18,3.4,6.2,5.6,10.8,202.8,77.0,25,186,4.6,5.59,4.99,8,8,0,0.5,355,362,-7,1
New York Jets,2006,313,485,64.5,3352,17,3.5,16,3.3,6.9,6.1,10.7,209.5,82.6,30,172,5.8,6.17,5.44,10,6,0,0.625,316,295,21,1
Las Vegas Raiders,2006,147,276,53.3,1677,3,1.1,13,4.7,6.1,4.2,11.4,139.8,55.8,46,256,14.3,4.41,2.78,2,14,0,0.125,168,332,-164,0
Philadelphia Eagles,2006,180,316,57.0,2647,18,5.7,6,1.9,8.4,8.7,14.7,264.7,95.5,21,140,6.2,7.44,7.71,10,6,0,0.625,398,328,70,1
Pittsburgh Steelers,2006,280,469,59.7,3513,18,3.8,23,4.9,7.5,6.1,12.5,234.2,75.4,46,280,8.9,6.28,4.97,8,8,0,0.5,353,315,38,1
Los Angeles Chargers,2006,284,460,61.7,3388,22,4.8,9,2.0,7.4,7.4,11.9,211.8,92.0,27,144,5.5,6.66,6.73,14,2,0,0.875,492,303,189,1
Seattle Seahawks,2006,210,371,56.6,2442,18,4.9,15,4.0,6.6,5.7,11.6,203.5,76.0,34,229,8.4,5.46,4.69,9,7,0,0.563,335,341,-6,1
San Francisco 49ers,2006,257,442,58.1,2890,16,3.6,16,3.6,6.5,5.6,11.2,180.6,74.8,35,202,7.3,5.64,4.8,7,9,0,0.438,298,412,-114,0
Los Angeles Rams,2006,370,588,62.9,4301,24,4.1,8,1.4,7.3,7.5,11.6,268.8,92.9,49,366,7.7,6.18,6.37,8,8,0,0.5,367,381,-14,1
Tampa Bay Buccaneers,2006,177,328,54.0,1661,9,2.7,9,2.7,5.1,4.4,9.4,127.8,65.9,25,146,7.1,4.29,3.65,4,12,0,0.25,211,353,-142,0
Tennessee Titans,2006,184,357,51.5,2199,12,3.4,13,3.6,6.2,5.2,12.0,146.6,66.7,25,129,6.5,5.42,4.52,8,8,0,0.5,324,400,-76,1
Washington Commanders,2006,162,260,62.3,1789,8,3.1,4,1.5,6.9,6.8,11.0,178.9,86.5,12,92,4.4,6.24,6.17,5,11,0,0.313,307,376,-69,0
Arizona Cardinals,2008,401,598,67.1,4583,30,5.0,14,2.3,7.7,7.6,11.4,286.4,96.9,26,182,4.2,7.05,7.0,9,7,0,0.563,427,426,1,1
Atlanta Falcons,2008,265,434,61.1,3440,16,3.7,11,2.5,7.9,7.5,13.0,215.0,87.7,17,104,3.8,7.4,7.01,11,5,0,0.688,391,325,66,1
Baltimore Ravens,2008,257,428,60.0,2971,14,3.3,12,2.8,6.9,6.3,11.6,185.7,80.3,32,276,7.0,5.86,5.29,11,5,0,0.688,385,244,141,1
Buffalo Bills,2008,245,374,65.5,2699,11,2.9,10,2.7,7.2,6.6,11.0,192.8,85.4,23,143,5.8,6.44,5.86,7,9,0,0.438,336,342,-6,0
Carolina Panthers,2008,246,414,59.4,3288,15,3.6,12,2.9,7.9,7.4,13.4,205.5,84.7,20,130,4.6,7.28,6.72,12,4,0,0.75,414,329,85,1
Chicago Bears,2008,272,465,58.5,2972,18,3.9,12,2.6,6.4,6.0,10.9,198.1,79.6,27,160,5.5,5.72,5.35,9,7,0,0.563,375,350,25,1
Cincinnati Bengals,2008,221,372,59.4,1905,8,2.2,9,2.4,5.1,4.5,8.6,146.5,70.0,38,193,9.3,4.18,3.58,4,11,1,0.281,204,364,-160,0
Cleveland Browns,2008,142,283,50.2,1615,9,3.2,8,2.8,5.7,5.1,11.4,161.5,66.5,14,87,4.7,5.14,4.54,4,12,0,0.25,232,350,-118,0
Dallas Cowboys,2008,276,450,61.3,3448,26,5.8,14,3.1,7.7,7.4,12.5,265.2,91.4,20,123,4.3,7.07,6.84,9,7,0,0.563,362,365,-3,1
Denver Broncos,2008,384,616,62.3,4526,25,4.1,18,2.9,7.3,6.8,11.8,282.9,86.0,11,69,1.8,7.11,6.61,8,8,0,0.5,370,448,-78,1
Detroit Lions,2008,143,255,56.1,1616,8,3.1,8,3.1,6.3,5.6,11.3,161.6,72.6,14,95,5.2,5.65,4.91,0,16,0,0.0,268,517,-249,0
Green Bay Packers,2008,341,536,63.6,4038,28,5.2,13,2.4,7.5,7.5,11.8,252.4,93.8,34,231,6.0,6.68,6.64,6,10,0,0.375,419,380,39,0
Houston Texans,2008,251,380,66.1,3043,15,3.9,10,2.6,8.0,7.6,12.1,276.6,92.7,23,149,5.7,7.18,6.81,8,8,0,0.5,366,394,-28,1
Indianapolis Colts,2008,371,555,66.8,4002,27,4.9,12,2.2,7.2,7.2,10.8,250.1,95.0,14,86,2.5,6.88,6.88,12,4,0,0.75,377,298,79,1
Jacksonville Jaguars,2008,335,535,62.6,3620,15,2.8,13,2.4,6.8,6.2,10.8,226.3,81.7,42,288,7.3,5.77,5.28,5,11,0,0.313,302,367,-65,0
Kansas City Chiefs,2008,230,420,54.8,2608,18,4.3,12,2.9,6.2,5.8,11.3,186.3,76.0,26,162,5.8,5.48,5.08,2,14,0,0.125,291,440,-149,0
Miami Dolphins,2008,321,476,67.4,3653,19,4.0,7,1.5,7.7,7.8,11.4,228.3,97.4,24,121,4.8,7.06,7.19,11,5,0,0.688,345,317,28,1
Minnesota Vikings,2008,178,301,59.1,2157,12,4.0,15,5.0,7.2,5.7,12.1,196.1,73.7,29,164,8.8,6.04,4.72,10,6,0,0.625,379,333,46,1
New Orleans Saints,2008,413,635,65.0,5069,34,5.4,17,2.7,8.0,7.8,12.3,316.8,96.2,13,92,2.0,7.68,7.55,8,8,0,0.5,463,393,70,1
New England Patriots,2008,327,516,63.4,3693,21,4.1,11,2.1,7.2,7.0,11.3,230.8,89.4,47,219,8.3,6.17,6.04,11,5,0,0.688,410,309,101,1
New York Giants,2008,289,479,60.3,3238,21,4.4,10,2.1,6.8,6.7,11.2,202.4,86.4,27,174,5.3,6.06,6.0,12,4,0,0.75,427,294,133,1
New York Jets,2008,343,522,65.7,3472,22,4.2,22,4.2,6.7,5.6,10.1,217.0,81.0,30,213,5.4,5.9,4.91,9,7,0,0.563,405,356,49,1
Las Vegas Raiders,2008,198,368,53.8,2423,13,3.5,8,2.2,6.6,6.3,12.2,161.5,77.1,31,210,7.8,5.55,5.3,5,11,0,0.313,263,388,-125,0
Philadelphia Eagles,2008,345,571,60.4,3916,23,4.0,11,1.9,6.9,6.8,11.4,244.8,86.4,23,149,3.9,6.34,6.28,9,6,1,0.594,416,289,127,1
Pittsburgh Steelers,2008,281,469,59.9,3301,17,3.6,15,3.2,7.0,6.3,11.7,206.3,80.1,46,284,8.9,5.86,5.21,12,4,0,0.75,347,223,124,1
Los Angeles Chargers,2008,312,478,65.3,4009,34,7.1,11,2.3,8.4,8.8,12.8,250.6,105.5,25,151,5.0,7.67,8.04,8,8,0,0.5,439,347,92,1
Seattle Seahawks,2008,141,242,58.3,1532,11,4.5,3,1.2,6.3,6.7,10.9,153.2,87.0,14,76,5.5,5.69,6.02,4,12,0,0.25,294,392,-98,0
San Francisco 49ers,2008,181,288,62.8,2046,13,4.5,8,2.8,7.1,6.8,11.3,227.3,87.5,23,148,7.4,6.1,5.78,7,9,0,0.438,339,381,-42,0
Los Angeles Rams,2008,251,440,57.0,2720,11,2.5,13,3.0,6.2,5.4,10.8,181.3,71.4,38,263,7.9,5.14,4.38,2,14,0,0.125,232,465,-233,0
Tampa Bay Buccaneers,2008,244,376,64.9,2712,12,3.2,6,1.6,7.2,7.1,11.1,226.0,90.2,23,100,5.8,6.55,6.47,9,7,0,0.563,361,323,38,1
Tennessee Titans,2008,242,415,58.3,2676,12,2.9,7,1.7,6.4,6.3,11.1,167.3,80.2,8,60,1.9,6.18,6.01,13,3,0,0.813,375,234,141,1
Washington Commanders,2008,315,506,62.3,3245,13,2.6,6,1.2,6.4,6.4,10.3,202.8,84.3,38,266,7.0,5.48,5.46,8,8,0,0.5,265,296,-31,1
Arizona Cardinals,2009,339,513,66.1,3753,26,5.1,14,2.7,7.3,7.1,11.1,250.2,93.2,24,172,4.5,6.67,6.46,10,6,0,0.625,375,325,50,1
Atlanta Falcons,2009,263,451,58.3,2916,22,4.9,14,3.1,6.5,6.0,11.1,208.3,80.9,19,92,4.0,6.01,5.6,9,7,0,0.563,363,325,38,1
Baltimore Ravens,2009,315,499,63.1,3613,21,4.2,12,2.4,7.2,7.0,11.5,225.8,88.9,36,218,6.7,6.35,6.12,9,7,0,0.563,391,261,130,1
Buffalo Bills,2009,127,227,55.9,1422,9,4.0,10,4.4,6.3,5.1,11.2,142.2,69.7,21,127,8.5,5.22,4.13,6,10,0,0.375,258,326,-68,0
Carolina Panthers,2009,178,321,55.5,2015,8,2.5,18,5.6,6.3,4.3,11.3,183.2,59.4,23,187,6.7,5.31,3.42,8,8,0,0.5,315,308,7,1
Chicago Bears,2009,336,555,60.5,3666,27,4.9,26,4.7,6.6,5.5,10.9,229.1,76.8,35,204,5.9,5.87,4.8,7,9,0,0.438,327,375,-48,0
Cincinnati Bengals,2009,282,466,60.5,3094,21,4.5,13,2.8,6.6,6.3,11.0,193.4,83.6,26,213,5.3,5.86,5.52,10,6,0,0.625,305,291,14,1
Cleveland Browns,2009,136,256,53.1,1339,8,3.1,7,2.7,5.2,4.6,9.8,133.9,67.2,19,104,6.9,4.49,3.93,5,11,0,0.313,245,375,-130,0
Dallas Cowboys,2009,347,550,63.1,4483,26,4.7,9,1.6,8.2,8.4,12.9,280.2,97.6,34,196,5.8,7.34,7.54,11,5,0,0.688,361,250,111,1
Denver Broncos,2009,336,541,62.1,3802,21,3.9,12,2.2,7.0,6.8,11.3,237.6,86.8,29,159,5.1,6.39,6.18,8,8,0,0.5,326,324,2,1
Detroit Lions,2009,201,377,53.3,2267,13,3.4,20,5.3,6.0,4.3,11.3,226.7,61.0,24,169,6.0,5.23,3.64,2,14,0,0.125,262,494,-232,0
Green Bay Packers,2009,350,541,64.7,4434,30,5.5,7,1.3,8.2,8.7,12.7,277.1,103.2,50,306,8.5,6.98,7.47,11,5,0,0.688,461,297,164,1
Houston Texans,2009,396,583,67.9,4770,29,5.0,15,2.6,8.2,8.0,12.0,298.1,98.6,25,149,4.1,7.6,7.44,9,7,0,0.563,388,333,55,1
Indianapolis Colts,2009,393,571,68.8,4500,33,5.8,16,2.8,7.9,7.8,11.5,281.3,99.9,10,74,1.7,7.62,7.51,14,2,0,0.875,416,307,109,1
Jacksonville Jaguars,2009,314,516,60.9,3597,15,2.9,10,1.9,7.0,6.7,11.5,224.8,83.5,42,236,7.5,6.02,5.75,7,9,0,0.438,290,380,-90,0
Kansas City Chiefs,2009,271,493,55.0,2924,16,3.2,16,3.2,5.9,5.1,10.8,194.9,69.9,42,243,7.9,5.01,4.26,4,12,0,0.25,294,424,-130,0
Miami Dolphins,2009,274,451,60.8,2878,12,2.7,14,3.1,6.4,5.5,10.5,205.6,75.2,26,176,5.5,5.66,4.85,7,9,0,0.438,360,390,-30,0
Minnesota Vikings,2009,363,531,68.4,4202,33,6.2,7,1.3,7.9,8.6,11.6,262.6,107.2,34,247,6.0,7.0,7.61,12,4,0,0.75,470,312,158,1
New Orleans Saints,2009,363,514,70.6,4388,34,6.6,11,2.1,8.5,8.9,12.1,292.5,109.6,20,135,3.7,7.96,8.31,13,3,0,0.813,510,341,169,1
New England Patriots,2009,371,565,65.7,4398,28,5.0,13,2.3,7.8,7.7,11.9,274.9,96.2,16,86,2.8,7.42,7.38,10,6,0,0.625,427,285,142,1
New York Giants,2009,317,509,62.3,4021,27,5.3,14,2.8,7.9,7.7,12.7,251.3,93.1,30,216,5.6,7.06,6.89,8,8,0,0.5,402,427,-25,1
New York Jets,2009,196,364,53.8,2444,12,3.3,20,5.5,6.7,4.9,12.5,162.9,63.0,26,195,6.7,5.77,4.07,9,7,0,0.563,348,236,112,1
Las Vegas Raiders,2009,120,246,48.8,1287,3,1.2,11,4.5,5.2,3.5,10.7,107.3,50.0,33,207,11.8,3.87,2.31,5,11,0,0.313,197,379,-182,0
Philadelphia Eagles,2009,267,443,60.3,3553,22,5.0,10,2.3,8.0,8.0,13.3,253.8,92.9,35,264,7.3,6.88,6.86,11,5,0,0.688,429,337,92,1
Pittsburgh Steelers,2009,337,506,66.6,4328,26,5.1,12,2.4,8.6,8.5,12.8,288.5,100.5,50,348,9.0,7.16,7.12,9,7,0,0.563,368,324,44,1
Los Angeles Chargers,2009,317,486,65.2,4254,28,5.8,9,1.9,8.8,9.1,13.4,265.9,104.4,25,167,4.9,8.0,8.3,13,3,0,0.813,454,320,134,1
Seattle Seahawks,2009,293,488,60.0,3029,17,3.5,17,3.5,6.2,5.3,10.3,216.4,75.1,32,209,6.2,5.42,4.61,5,11,0,0.313,280,390,-110,0
San Francisco 49ers,2009,225,372,60.5,2350,18,4.8,12,3.2,6.3,5.8,10.4,213.6,81.5,22,134,5.6,5.62,5.17,8,8,0,0.5,330,281,49,1
Los Angeles Rams,2009,140,247,56.7,1469,5,2.0,6,2.4,5.9,5.3,10.5,163.2,70.7,14,85,5.4,5.3,4.65,1,15,0,0.063,175,436,-261,0
Tampa Bay Buccaneers,2009,158,290,54.5,1855,10,3.4,18,6.2,6.4,4.3,11.7,185.5,59.8,20,102,6.5,5.65,3.69,3,13,0,0.188,244,400,-156,0
Tennessee Titans,2009,152,259,58.7,1879,10,3.9,7,2.7,7.3,6.8,12.4,156.6,82.8,9,36,3.4,6.88,6.45,8,8,0,0.5,354,402,-48,1
Washington Commanders,2009,327,507,64.5,3618,20,3.9,15,3.0,7.1,6.6,11.1,226.1,86.4,43,285,7.8,6.06,5.56,4,12,0,0.25,266,336,-70,0
Arizona Cardinals,2010,169,327,51.7,2065,7,2.1,10,3.1,6.3,5.4,12.2,172.1,65.9,25,176,7.1,5.37,4.49,5,11,0,0.313,289,434,-145,0
Atlanta Falcons,2010,357,571,62.5,3705,28,4.9,9,1.6,6.5,6.8,10.4,231.6,91.0,23,158,3.9,5.97,6.23,13,3,0,0.813,414,288,126,1
Baltimore Ravens,2010,306,489,62.6,3622,25,5.1,10,2.0,7.4,7.5,11.8,226.4,93.6,40,294,7.6,6.29,6.39,12,4,0,0.75,357,270,87,1
Buffalo Bills,2010,255,441,57.8,3000,23,5.2,15,3.4,6.8,6.3,11.8,230.8,81.8,24,145,5.2,6.14,5.68,4,12,0,0.25,283,425,-142,0
Carolina Panthers,2010,157,299,52.5,1558,3,1.0,9,3.0,5.2,4.1,9.9,119.8,58.4,33,223,9.9,4.02,2.98,2,14,0,0.125,196,408,-212,0
Chicago Bears,2010,261,432,60.4,3274,23,5.3,16,3.7,7.6,7.0,12.5,218.3,86.3,52,352,10.7,6.04,5.5,11,5,0,0.688,334,286,48,1
Cincinnati Bengals,2010,362,586,61.8,3970,26,4.4,20,3.4,6.8,6.1,11.0,248.1,82.4,26,201,4.2,6.16,5.54,4,12,0,0.25,322,395,-73,0
Cleveland Browns,2010,135,222,60.8,1576,6,2.7,9,4.1,7.1,5.8,11.7,197.0,74.5,23,132,9.4,5.89,4.73,5,11,0,0.313,271,332,-61,0
Dallas Cowboys,2010,209,318,65.7,2365,16,5.0,12,3.8,7.4,6.7,11.3,236.5,88.9,21,100,6.2,6.68,6.03,6,10,0,0.375,394,436,-42,0
Denver Broncos,2010,293,498,58.8,3653,20,4.0,9,1.8,7.3,7.3,12.5,281.0,87.5,34,243,6.4,6.41,6.4,4,12,0,0.25,344,471,-127,0
Detroit Lions,2010,257,416,61.8,2686,16,3.8,12,2.9,6.5,5.9,10.5,244.2,81.3,17,113,3.9,5.94,5.43,6,10,0,0.375,362,369,-7,0
Green Bay Packers,2010,312,475,65.7,3922,28,5.9,11,2.3,8.3,8.4,12.6,261.5,101.2,31,193,6.1,7.37,7.5,10,6,0,0.625,388,240,148,1
Houston Texans,2010,365,574,63.6,4370,24,4.2,12,2.1,7.6,7.5,12.0,273.1,92.0,32,226,5.3,6.84,6.74,6,10,0,0.375,390,427,-37,0
Indianapolis Colts,2010,450,679,66.3,4700,33,4.9,17,2.5,6.9,6.8,10.4,293.8,91.9,16,91,2.3,6.63,6.48,10,6,0,0.625,435,388,47,1
Jacksonville Jaguars,2010,236,366,64.5,2734,23,6.3,15,4.1,7.5,6.9,11.6,195.3,90.8,33,253,8.3,6.22,5.68,8,8,0,0.5,353,419,-66,1
Kansas City Chiefs,2010,262,450,58.2,3116,27,6.0,7,1.6,6.9,7.4,11.9,207.7,93.0,26,182,5.5,6.16,6.64,10,6,0,0.625,366,326,40,1
Miami Dolphins,2010,301,490,61.4,3301,15,3.1,19,3.9,6.7,5.6,11.0,220.1,75.4,30,178,5.8,6.01,4.94,7,9,0,0.438,273,333,-60,0
Minnesota Vikings,2010,217,358,60.6,2509,11,3.1,19,5.3,7.0,5.2,11.6,193.0,69.9,22,139,5.8,6.24,4.57,6,10,0,0.375,281,348,-67,0
New Orleans Saints,2010,448,658,68.1,4620,33,5.0,22,3.3,7.0,6.5,10.3,288.8,90.9,25,185,3.7,6.49,6.01,11,5,0,0.688,384,307,77,1
New England Patriots,2010,324,492,65.9,3900,36,7.3,4,0.8,7.9,9.0,12.0,243.8,111.0,25,175,4.8,7.21,8.25,14,2,0,0.875,518,313,205,1
New York Giants,2010,339,539,62.9,4002,31,5.8,25,4.6,7.4,6.5,11.8,250.1,85.3,16,117,2.9,7.0,6.09,10,6,0,0.625,394,347,47,1
New York Jets,2010,278,507,54.8,3291,17,3.4,13,2.6,6.5,6.0,11.8,205.7,75.3,27,171,5.1,5.84,5.38,11,5,0,0.688,367,304,63,1
Las Vegas Raiders,2010,194,329,59.0,2387,13,4.0,8,2.4,7.3,7.0,12.3,183.6,84.5,33,208,9.1,6.02,5.74,8,8,0,0.5,410,371,39,1
Philadelphia Eagles,2010,233,372,62.6,3018,21,5.6,6,1.6,8.1,8.5,13.0,251.5,100.2,34,210,8.4,6.92,7.29,10,6,0,0.625,439,377,62,1
Pittsburgh Steelers,2010,240,389,61.7,3200,17,4.4,5,1.3,8.2,8.5,13.3,266.7,97.0,32,220,7.6,7.08,7.35,12,4,0,0.75,375,232,143,1
Los Angeles Chargers,2010,357,541,66.0,4710,30,5.5,13,2.4,8.7,8.7,13.2,294.4,101.8,38,227,6.6,7.74,7.77,9,7,0,0.563,441,322,119,1
Seattle Seahawks,2010,266,444,59.9,3001,12,2.7,17,3.8,6.8,5.6,11.3,214.4,73.2,29,175,6.1,5.97,4.86,7,9,0,0.438,310,407,-97,0
San Francisco 49ers,2010,204,342,59.6,2370,14,4.1,10,2.9,6.9,6.4,11.6,215.5,82.1,25,140,6.8,6.08,5.61,6,10,0,0.375,305,346,-41,0
Los Angeles Rams,2010,354,590,60.0,3512,18,3.1,15,2.5,6.0,5.4,9.9,219.5,76.5,34,244,5.4,5.24,4.73,7,9,0,0.438,289,328,-39,0
Tampa Bay Buccaneers,2010,291,474,61.4,3451,25,5.3,6,1.3,7.3,7.8,11.9,215.7,95.9,28,195,5.6,6.49,6.94,10,6,0,0.625,341,318,23,1
Tennessee Titans,2010,160,278,57.6,1823,14,5.0,8,2.9,6.6,6.3,11.4,182.3,82.2,13,91,4.5,5.95,5.68,6,10,0,0.375,356,339,17,0
Washington Commanders,2010,275,472,58.3,3377,14,3.0,15,3.2,7.2,6.3,12.3,259.8,77.1,37,271,7.3,6.1,5.33,6,10,0,0.375,302,377,-75,0
Arizona Cardinals,2011,151,275,54.9,1913,11,4.0,14,5.1,7.0,5.5,12.7,239.1,68.9,23,162,7.7,5.88,4.5,8,8,0,0.5,312,348,-36,1
Atlanta Falcons,2011,347,566,61.3,4177,29,5.1,12,2.1,7.4,7.5,12.0,261.1,92.2,26,173,4.4,6.76,6.83,10,6,0,0.625,402,350,52,1
Baltimore Ravens,2011,312,542,57.6,3610,20,3.7,12,2.2,6.7,6.4,11.6,225.6,80.9,31,203,5.4,5.95,5.7,12,4,0,0.75,378,266,112,1
Buffalo Bills,2011,353,569,62.0,3832,24,4.2,23,4.0,6.7,5.8,10.9,239.5,79.1,22,148,3.7,6.23,5.29,6,10,0,0.375,372,434,-62,0
Carolina Panthers,2011,310,517,60.0,4051,21,4.1,17,3.3,7.8,7.2,13.1,253.2,84.5,35,260,6.3,6.87,6.24,6,10,0,0.375,406,429,-23,0
Chicago Bears,2011,182,314,58.0,2319,13,4.1,7,2.2,7.4,7.2,12.7,231.9,85.7,23,159,6.8,6.41,6.25,8,8,0,0.5,353,341,12,1
Cincinnati Bengals,2011,300,516,58.1,3398,20,3.9,13,2.5,6.6,6.2,11.3,212.4,80.4,24,160,4.4,6.0,5.65,9,7,0,0.563,344,323,21,1
Cleveland Browns,2011,265,463,57.2,2733,14,3.0,11,2.4,5.9,5.4,10.3,210.2,74.6,32,173,6.5,5.17,4.74,4,12,0,0.25,218,307,-89,0
Dallas Cowboys,2011,346,522,66.3,4184,31,5.9,10,1.9,8.0,8.3,12.1,261.5,102.5,36,227,6.5,7.09,7.4,8,8,0,0.5,369,347,22,1
Denver Broncos,2011,126,271,46.5,1729,12,4.4,6,2.2,6.4,6.3,13.7,123.5,72.9,33,225,10.9,4.95,4.85,8,8,0,0.5,309,390,-81,1
Detroit Lions,2011,421,663,63.5,5038,41,6.2,16,2.4,7.6,7.7,12.0,314.9,97.2,36,257,5.2,6.84,6.98,10,6,0,0.625,474,387,87,1
Green Bay Packers,2011,343,502,68.3,4643,45,9.0,6,1.2,9.2,10.5,13.5,309.5,122.5,36,219,6.7,8.22,9.39,15,1,0,0.938,560,359,201,1
Houston Texans,2011,178,292,61.0,2479,15,5.1,6,2.1,8.5,8.6,13.9,247.9,96.8,16,98,5.2,7.73,7.83,10,6,0,0.625,381,278,103,1
Indianapolis Colts,2011,132,243,54.3,1541,6,2.5,9,3.7,6.3,5.2,11.7,171.2,66.6,16,104,6.2,5.55,4.45,2,14,0,0.125,243,430,-187,0
Jacksonville Jaguars,2011,210,413,50.8,2214,12,2.9,11,2.7,5.4,4.7,10.5,147.6,65.4,40,293,8.8,4.24,3.68,5,11,0,0.313,243,329,-86,0
Kansas City Chiefs,2011,160,269,59.5,1713,10,3.7,9,3.3,6.4,5.6,10.7,190.3,76.6,22,120,7.6,5.47,4.77,7,9,0,0.438,212,338,-126,0
Miami Dolphins,2011,210,347,60.5,2497,16,4.6,9,2.6,7.2,7.0,11.9,192.1,87.1,36,229,9.4,5.92,5.7,6,10,0,0.375,329,313,16,0
Minnesota Vikings,2011,158,291,54.3,1853,13,4.5,13,4.5,6.4,5.3,11.7,168.5,70.1,30,164,9.3,5.26,4.25,3,13,0,0.188,340,449,-109,0
New Orleans Saints,2011,468,657,71.2,5476,46,7.0,14,2.1,8.3,8.8,11.7,342.3,110.6,24,158,3.5,7.81,8.23,13,3,0,0.813,547,339,208,1
New England Patriots,2011,401,611,65.6,5235,39,6.4,12,2.0,8.6,9.0,13.1,327.2,105.6,32,173,5.0,7.87,8.25,13,3,0,0.813,513,342,171,1
New York Giants,2011,359,589,61.0,4933,29,4.9,16,2.7,8.4,8.1,13.7,308.3,92.9,28,199,4.5,7.67,7.45,9,7,0,0.563,394,400,-6,1
New York Jets,2011,308,543,56.7,3474,26,4.8,18,3.3,6.4,5.9,11.3,217.1,78.2,39,243,6.7,5.55,5.05,8,8,0,0.5,377,363,14,1
Las Vegas Raiders,2011,199,328,60.7,2753,13,4.0,16,4.9,8.4,7.0,13.8,275.3,80.5,17,119,4.9,7.63,6.3,8,8,0,0.5,359,433,-74,1
Philadelphia Eagles,2011,253,423,59.8,3303,18,4.3,14,3.3,7.8,7.2,13.1,254.1,84.9,23,126,5.2,7.12,6.52,8,8,0,0.5,396,328,68,1
Pittsburgh Steelers,2011,324,513,63.2,4077,21,4.1,14,2.7,7.9,7.5,12.6,271.8,90.1,40,269,7.2,6.89,6.51,12,4,0,0.75,325,227,98,1
Los Angeles Chargers,2011,366,582,62.9,4624,27,4.6,20,3.4,7.9,7.3,12.6,289.0,88.7,30,198,4.9,7.23,6.64,8,8,0,0.5,406,377,29,1
Seattle Seahawks,2011,271,450,60.2,3091,14,3.1,13,2.9,6.9,6.2,11.4,206.1,79.2,42,293,8.5,5.69,5.07,7,9,0,0.438,321,315,6,0
San Francisco 49ers,2011,273,445,61.3,3144,17,3.8,5,1.1,7.1,7.3,11.5,196.5,90.7,44,263,9.0,5.89,6.13,13,3,0,0.813,380,229,151,1
Los Angeles Rams,2011,191,357,53.5,2164,6,1.7,6,1.7,6.1,5.6,11.3,216.4,70.5,36,248,9.2,4.88,4.49,2,14,0,0.125,193,407,-214,0
Tampa Bay Buccaneers,2011,346,551,62.8,3592,16,2.9,22,4.0,6.5,5.3,10.4,239.5,74.6,29,164,5.0,5.91,4.76,4,12,0,0.25,287,494,-207,0
Tennessee Titans,2011,319,518,61.6,3571,18,3.5,14,2.7,6.9,6.4,11.2,223.2,82.4,19,153,3.5,6.36,5.86,9,7,0,0.563,325,317,8,1
Washington Commanders,2011,265,458,57.9,3151,16,3.5,20,4.4,6.9,5.6,11.9,242.4,72.4,25,201,5.2,6.11,4.91,5,11,0,0.313,288,367,-79,0
Arizona Cardinals,2012,109,201,54.2,1132,2,1.0,9,4.5,5.6,3.8,10.4,161.7,55.4,15,98,6.9,4.79,3.1,5,11,0,0.313,250,357,-107,0
Atlanta Falcons,2012,422,615,68.6,4719,32,5.2,14,2.3,7.7,7.7,11.2,294.9,99.1,28,210,4.4,7.01,7.03,13,3,0,0.813,419,299,120,1
Baltimore Ravens,2012,317,531,59.7,3817,22,4.1,10,1.9,7.2,7.2,12.0,238.6,87.7,35,227,6.2,6.34,6.33,10,6,0,0.625,398,344,54,1
Buffalo Bills,2012,306,505,60.6,3400,24,4.8,16,3.2,6.7,6.3,11.1,212.5,83.3,30,161,5.6,6.05,5.61,6,10,0,0.375,344,435,-91,0
Carolina Panthers,2012,280,485,57.7,3869,19,3.9,12,2.5,8.0,7.6,13.8,241.8,86.2,36,244,6.9,6.96,6.65,7,9,0,0.438,357,363,-6,0
Chicago Bears,2012,255,434,58.8,3033,19,4.4,14,3.2,7.0,6.4,11.9,202.2,81.3,38,250,8.1,5.9,5.37,10,6,0,0.625,375,277,98,1
Cincinnati Bengals,2012,329,528,62.3,3669,27,5.1,16,3.0,6.9,6.6,11.2,229.3,87.4,46,229,8.0,5.99,5.68,10,6,0,0.625,391,320,71,1
Cleveland Browns,2012,297,517,57.4,3385,14,2.7,17,3.3,6.5,5.6,11.4,225.7,72.6,28,186,5.1,5.87,4.98,5,11,0,0.313,302,368,-66,0
Dallas Cowboys,2012,425,648,65.6,4903,28,4.3,19,2.9,7.6,7.1,11.5,306.4,90.5,36,263,5.3,6.78,6.35,8,8,0,0.5,376,400,-24,1
Denver Broncos,2012,400,583,68.6,4659,37,6.3,11,1.9,8.0,8.4,11.6,291.2,105.8,21,137,3.5,7.49,7.89,13,3,0,0.813,481,289,192,1
Detroit Lions,2012,435,727,59.8,4967,20,2.8,17,2.3,6.8,6.3,11.4,310.4,79.8,29,212,3.8,6.29,5.81,4,12,0,0.25,372,437,-65,0
Green Bay Packers,2012,371,552,67.2,4295,39,7.1,8,1.4,7.8,8.5,11.6,268.4,108.0,51,293,8.5,6.64,7.33,11,5,0,0.688,433,336,97,1
Houston Texans,2012,350,544,64.3,4008,22,4.0,12,2.2,7.4,7.2,11.5,250.5,90.7,27,216,4.7,6.64,6.47,12,4,0,0.75,416,331,85,1
Indianapolis Colts,2012,339,627,54.1,4374,23,3.7,18,2.9,7.0,6.4,12.9,273.4,76.5,41,246,6.1,6.18,5.66,11,5,0,0.688,357,387,-30,1
Jacksonville Jaguars,2012,166,308,53.9,2084,11,3.6,11,3.6,6.8,5.9,12.6,208.4,72.2,28,169,8.3,5.7,4.88,2,14,0,0.125,255,444,-189,0
Kansas City Chiefs,2012,161,277,58.1,1796,6,2.2,12,4.3,6.5,5.0,11.2,199.6,66.7,19,101,6.4,5.73,4.31,2,14,0,0.125,211,425,-214,0
Miami Dolphins,2012,282,484,58.3,3294,12,2.5,13,2.7,6.8,6.1,11.7,205.9,76.1,35,234,6.7,5.9,5.23,7,9,0,0.438,288,317,-29,0
Minnesota Vikings,2012,300,483,62.1,2935,18,3.7,12,2.5,6.1,5.7,9.8,183.4,81.2,32,184,6.2,5.34,4.99,10,6,0,0.625,379,348,31,1
New Orleans Saints,2012,422,670,63.0,5177,43,6.4,19,2.8,7.7,7.7,12.3,323.6,96.3,26,190,3.7,7.17,7.17,7,9,0,0.438,461,454,7,0
New England Patriots,2012,401,637,63.0,4827,34,5.3,8,1.3,7.6,8.1,12.0,301.7,98.7,27,182,4.1,7.0,7.48,12,4,0,0.75,557,331,226,1
New York Giants,2012,321,536,59.9,3948,26,4.9,15,2.8,7.4,7.1,12.3,246.8,87.2,19,136,3.4,6.87,6.59,9,7,0,0.563,429,344,85,1
New York Jets,2012,246,453,54.3,2883,13,2.9,18,4.0,6.4,5.2,11.7,192.2,66.9,34,209,7.0,5.49,4.36,6,10,0,0.375,281,375,-94,0
Las Vegas Raiders,2012,345,565,61.1,4018,22,3.9,14,2.5,7.1,6.8,11.6,267.9,85.3,26,199,4.4,6.46,6.14,4,12,0,0.25,290,443,-153,0
Philadelphia Eagles,2012,204,351,58.1,2362,12,3.4,10,2.8,6.7,6.1,11.6,236.2,78.1,28,153,7.4,5.83,5.27,4,12,0,0.25,280,444,-164,0
Pittsburgh Steelers,2012,284,449,63.3,3265,26,5.8,8,1.8,7.3,7.6,11.5,251.2,97.0,30,182,6.3,6.44,6.77,8,8,0,0.5,336,314,22,1
Los Angeles Chargers,2012,338,527,64.1,3606,26,4.9,15,2.8,6.8,6.5,10.7,225.4,88.6,49,311,8.5,5.72,5.45,7,9,0,0.438,350,350,0,0
Seattle Seahawks,2012,252,393,64.1,3118,26,6.6,10,2.5,7.9,8.1,12.4,194.9,100.0,33,203,7.7,6.84,7.01,11,5,0,0.688,412,245,167,1
San Francisco 49ers,2012,136,218,62.4,1814,10,4.6,3,1.4,8.3,8.6,13.3,139.5,98.3,16,112,6.8,7.27,7.55,11,4,1,0.719,397,273,124,1
Los Angeles Rams,2012,328,551,59.5,3702,21,3.8,13,2.4,6.7,6.4,11.3,231.4,82.6,35,233,6.0,5.92,5.64,7,8,1,0.469,299,348,-49,0
Tampa Bay Buccaneers,2012,306,558,54.8,4065,27,4.8,17,3.0,7.3,6.9,13.3,254.1,81.6,26,161,4.5,6.68,6.3,7,9,0,0.438,389,394,-5,0
Tennessee Titans,2012,177,314,56.4,2176,10,3.2,11,3.5,6.9,6.0,12.3,197.8,74.0,25,151,7.4,5.97,5.1,6,10,0,0.375,330,471,-141,0
Washington Commanders,2012,258,393,65.6,3200,20,5.1,5,1.3,8.1,8.6,12.4,213.3,102.4,30,217,7.1,7.05,7.47,10,6,0,0.625,436,388,48,1
Arizona Cardinals,2013,362,572,63.3,4274,24,4.2,22,3.8,7.5,6.6,11.8,267.1,83.9,41,289,6.7,6.5,5.67,10,6,0,0.625,379,324,55,1
Atlanta Falcons,2013,439,651,67.4,4515,26,4.0,17,2.6,6.9,6.6,10.3,282.2,89.6,44,298,6.3,6.07,5.72,4,12,0,0.25,353,443,-90,0
Baltimore Ravens,2013,362,614,59.0,3912,19,3.1,22,3.6,6.4,5.4,10.8,244.5,73.1,48,324,7.3,5.42,4.5,8,8,0,0.5,320,352,-32,1
Buffalo Bills,2013,180,306,58.8,1972,11,3.6,9,2.9,6.4,5.8,11.0,197.2,77.7,28,159,8.4,5.43,4.87,6,10,0,0.375,339,388,-49,0
Carolina Panthers,2013,292,473,61.7,3379,24,5.1,13,2.7,7.1,6.9,11.6,211.2,88.8,43,336,8.3,5.9,5.69,12,4,0,0.75,366,241,125,1
Chicago Bears,2013,224,355,63.1,2621,19,5.4,12,3.4,7.4,6.9,11.7,238.3,89.2,19,132,5.1,6.66,6.23,8,8,0,0.5,445,478,-33,1
Cincinnati Bengals,2013,363,586,61.9,4293,33,5.6,20,3.4,7.3,6.9,11.8,268.3,88.8,29,182,4.7,6.68,6.29,11,5,0,0.688,430,305,125,1
Cleveland Browns,2013,180,317,56.8,2015,11,3.5,8,2.5,6.4,5.9,11.2,223.9,76.9,16,104,4.8,5.74,5.32,4,12,0,0.25,308,406,-98,0
Dallas Cowboys,2013,342,535,63.9,3828,31,5.8,10,1.9,7.2,7.5,11.2,255.2,96.7,35,272,6.1,6.24,6.54,8,8,0,0.5,439,432,7,1
Denver Broncos,2013,450,659,68.3,5477,55,8.3,10,1.5,8.3,9.3,12.2,342.3,115.1,18,120,2.7,7.91,8.87,13,3,0,0.813,606,399,207,1
Detroit Lions,2013,371,634,58.5,4650,29,4.6,19,3.0,7.3,6.9,12.5,290.6,84.2,23,168,3.5,6.82,6.4,7,9,0,0.438,395,376,19,0
Green Bay Packers,2013,193,290,66.6,2536,17,5.9,6,2.1,8.7,9.0,13.1,281.8,104.9,21,117,6.8,7.78,8.0,8,7,1,0.531,417,428,-11,1
Houston Texans,2013,219,358,61.2,2310,10,2.8,14,3.9,6.5,5.3,10.5,231.0,73.0,21,162,5.5,5.67,4.53,2,14,0,0.125,276,428,-152,0
Indianapolis Colts,2013,343,570,60.2,3822,23,4.0,9,1.6,6.7,6.8,11.1,238.9,87.0,32,227,5.3,5.97,6.06,11,5,0,0.688,391,336,55,1
Jacksonville Jaguars,2013,305,503,60.6,3241,13,2.6,14,2.8,6.4,5.7,10.6,216.1,76.5,38,243,7.0,5.54,4.86,4,12,0,0.25,247,449,-202,0
Kansas City Chiefs,2013,308,508,60.6,3313,23,4.5,7,1.4,6.5,6.8,10.8,220.9,89.1,39,210,7.1,5.67,5.94,11,5,0,0.688,430,305,125,1
Miami Dolphins,2013,355,588,60.4,3913,24,4.1,17,2.9,6.7,6.2,11.0,244.6,81.7,58,399,9.0,5.44,5.0,8,8,0,0.5,317,335,-18,1
Minnesota Vikings,2013,153,254,60.2,1807,11,4.3,9,3.5,7.1,6.4,11.8,200.8,81.6,16,85,5.9,6.38,5.69,5,10,1,0.344,391,480,-89,0
New Orleans Saints,2013,446,650,68.6,5162,39,6.0,12,1.8,7.9,8.3,11.6,322.6,104.7,37,244,5.4,7.16,7.51,11,5,0,0.688,414,304,110,1
New England Patriots,2013,380,628,60.5,4343,25,4.0,11,1.8,6.9,6.9,11.4,271.4,87.3,40,256,6.0,6.12,6.13,12,4,0,0.75,444,338,106,1
New York Giants,2013,317,551,57.5,3818,18,3.3,27,4.9,6.9,5.4,12.0,238.6,69.4,39,281,6.6,5.99,4.55,7,9,0,0.438,294,383,-89,0
New York Jets,2013,247,443,55.8,3046,12,2.7,21,4.7,6.9,5.3,12.3,190.4,66.5,43,315,8.8,5.62,4.17,8,8,0,0.5,290,387,-97,1
Las Vegas Raiders,2013,156,272,57.4,1798,7,2.6,11,4.0,6.6,5.3,11.5,163.5,69.1,31,203,10.2,5.26,4.09,4,12,0,0.25,322,453,-131,0
Philadelphia Eagles,2013,203,317,64.0,2891,27,8.5,2,0.6,9.1,10.5,14.2,222.4,119.2,28,173,8.1,7.88,9.18,10,6,0,0.625,442,382,60,1
Pittsburgh Steelers,2013,375,584,64.2,4261,28,4.8,14,2.4,7.3,7.2,11.4,266.3,92.0,42,282,6.7,6.36,6.24,8,8,0,0.5,379,370,9,1
Los Angeles Chargers,2013,378,544,69.5,4478,32,5.9,11,2.0,8.2,8.5,11.8,279.9,105.5,30,150,5.2,7.54,7.79,9,7,0,0.563,396,348,48,1
Seattle Seahawks,2013,257,407,63.1,3357,26,6.4,9,2.2,8.2,8.5,13.1,209.8,101.2,44,272,9.8,6.84,7.1,13,3,0,0.813,417,231,186,1
San Francisco 49ers,2013,243,416,58.4,3197,21,5.0,8,1.9,7.7,7.8,13.2,199.8,91.6,39,231,8.6,6.52,6.65,12,4,0,0.75,406,272,134,1
Los Angeles Rams,2013,159,262,60.7,1687,14,5.3,4,1.5,6.4,6.8,10.6,241.0,90.9,15,97,5.4,5.74,6.1,7,9,0,0.438,348,364,-16,0
Tampa Bay Buccaneers,2013,247,416,59.4,2608,19,4.6,9,2.2,6.3,6.2,10.6,200.6,83.9,40,314,8.8,5.03,4.98,4,12,0,0.25,288,389,-101,0
Tennessee Titans,2013,217,350,62.0,2454,14,4.0,12,3.4,7.0,6.3,11.3,223.1,82.0,21,109,5.7,6.32,5.62,7,9,0,0.438,362,381,-19,0
Washington Commanders,2013,274,456,60.1,3203,16,3.5,12,2.6,7.0,6.5,11.7,246.4,82.2,38,274,7.7,5.93,5.48,3,13,0,0.188,334,478,-144,0
Arizona Cardinals,2014,132,240,55.0,1711,7,2.9,5,2.1,7.1,6.8,13.0,190.1,78.7,11,66,4.4,6.55,6.22,11,5,0,0.688,310,299,11,1
Atlanta Falcons,2014,415,628,66.1,4694,28,4.5,14,2.2,7.5,7.4,11.3,293.4,93.9,31,205,4.7,6.81,6.71,6,10,0,0.375,381,417,-36,0
Baltimore Ravens,2014,344,554,62.1,3986,27,4.9,12,2.2,7.2,7.2,11.6,249.1,91.0,19,167,3.3,6.66,6.66,10,6,0,0.625,409,302,107,1
Buffalo Bills,2014,287,447,64.2,3018,18,4.0,10,2.2,6.8,6.6,10.5,251.5,87.8,33,198,6.9,5.88,5.69,9,7,0,0.563,343,289,54,1
Carolina Panthers,2014,262,448,58.5,3127,18,4.0,12,2.7,7.0,6.6,11.9,223.4,82.1,38,300,7.8,5.82,5.45,7,8,1,0.469,339,374,-35,0
Chicago Bears,2014,370,561,66.0,3812,28,5.0,18,3.2,6.8,6.3,10.3,254.1,88.6,38,223,6.3,5.99,5.57,5,11,0,0.313,319,442,-123,0
Cincinnati Bengals,2014,309,481,64.2,3398,19,4.0,17,3.5,7.1,6.3,11.0,212.4,83.5,21,124,4.2,6.52,5.75,10,5,1,0.656,365,344,21,1
Cleveland Browns,2014,242,438,55.3,3326,12,2.7,13,3.0,7.6,6.8,13.7,237.6,76.5,24,160,5.2,6.85,6.11,7,9,0,0.438,299,337,-38,0
Dallas Cowboys,2014,304,435,69.9,3705,34,7.8,9,2.1,8.5,9.1,12.2,247.0,113.2,29,215,6.3,7.52,8.11,12,4,0,0.75,467,352,115,1
Denver Broncos,2014,395,597,66.2,4727,39,6.5,15,2.5,7.9,8.1,12.0,295.4,101.5,17,118,2.8,7.51,7.68,12,4,0,0.75,482,354,128,1
Detroit Lions,2014,363,602,60.3,4257,22,3.7,12,2.0,7.1,6.9,11.7,266.1,85.7,45,254,7.0,6.19,6.03,11,5,0,0.688,321,282,39,1
Green Bay Packers,2014,341,520,65.6,4381,38,7.3,5,1.0,8.4,9.5,12.8,273.8,112.2,28,174,5.1,7.68,8.65,12,4,0,0.75,486,348,138,1
Houston Texans,2014,197,312,63.1,2483,17,5.4,8,2.6,8.0,7.9,12.6,206.9,95.3,21,83,6.3,7.21,7.15,9,7,0,0.563,372,307,65,1
Indianapolis Colts,2014,380,616,61.7,4761,40,6.5,16,2.6,7.7,7.9,12.5,297.6,96.5,27,161,4.2,7.15,7.28,11,5,0,0.688,458,369,89,1
Jacksonville Jaguars,2014,280,475,58.9,2908,11,2.3,17,3.6,6.1,5.0,10.4,207.7,69.5,55,345,10.4,4.84,3.81,3,13,0,0.188,249,412,-163,0
Kansas City Chiefs,2014,303,464,65.3,3265,18,3.9,6,1.3,7.0,7.2,10.8,217.7,93.4,45,229,8.8,5.96,6.14,9,7,0,0.563,353,281,72,1
Miami Dolphins,2014,392,590,66.4,4045,27,4.6,12,2.0,6.9,6.9,10.3,252.8,92.8,46,337,7.2,5.83,5.83,8,8,0,0.5,388,373,15,1
Minnesota Vikings,2014,259,402,64.4,2919,14,3.5,12,3.0,7.3,6.6,11.3,224.5,85.2,39,249,8.8,6.05,5.46,7,9,0,0.438,325,343,-18,0
New Orleans Saints,2014,456,659,69.2,4952,33,5.0,17,2.6,7.5,7.4,10.9,309.5,97.0,29,186,4.2,6.93,6.77,7,9,0,0.438,401,424,-23,0
New England Patriots,2014,373,582,64.1,4109,33,5.7,9,1.5,7.1,7.5,11.0,256.8,97.4,21,134,3.5,6.59,7.01,12,4,0,0.75,468,313,155,1
New York Giants,2014,379,601,63.1,4410,30,5.0,14,2.3,7.3,7.3,11.6,275.6,92.1,28,187,4.5,6.71,6.67,6,10,0,0.375,380,400,-20,0
New York Jets,2014,219,367,59.7,2525,13,3.5,13,3.5,6.9,6.0,11.5,180.4,77.5,28,175,7.1,5.95,5.13,4,12,0,0.25,283,401,-118,0
Las Vegas Raiders,2014,348,599,58.1,3270,21,3.5,12,2.0,5.5,5.3,9.4,204.4,76.6,24,149,3.9,5.01,4.82,3,13,0,0.188,253,452,-199,0
Philadelphia Eagles,2014,186,311,59.8,2163,13,4.2,10,3.2,7.0,6.3,11.6,270.4,81.4,9,74,2.8,6.53,5.93,10,6,0,0.625,474,400,74,1
Pittsburgh Steelers,2014,408,608,67.1,4952,32,5.3,9,1.5,8.1,8.5,12.1,309.5,103.3,33,172,5.1,7.46,7.82,11,5,0,0.688,436,368,68,1
Los Angeles Chargers,2014,379,570,66.5,4286,31,5.4,18,3.2,7.5,7.2,11.3,267.9,93.8,36,189,5.9,6.76,6.45,9,7,0,0.563,348,348,0,1
Seattle Seahawks,2014,285,452,63.1,3475,20,4.4,7,1.5,7.7,7.9,12.2,217.2,95.0,42,242,8.5,6.54,6.72,12,4,0,0.75,394,254,140,1
San Francisco 49ers,2014,289,478,60.5,3369,19,4.0,10,2.1,7.0,6.9,11.7,210.6,86.4,52,344,9.8,5.71,5.58,8,8,0,0.5,306,340,-34,1
Los Angeles Rams,2014,180,284,63.4,2001,12,4.2,9,3.2,7.0,6.5,11.1,200.1,85.1,29,179,9.3,5.82,5.29,6,10,0,0.375,324,354,-30,0
Tampa Bay Buccaneers,2014,184,327,56.3,2206,11,3.4,14,4.3,6.7,5.5,12.0,200.5,70.5,36,235,9.9,5.43,4.3,2,14,0,0.125,277,410,-133,0
Tennessee Titans,2014,105,185,56.8,1326,7,3.8,2,1.1,7.2,7.4,12.6,189.4,87.4,18,103,8.9,6.02,6.27,2,14,0,0.125,254,438,-184,0
Washington Commanders,2014,147,214,68.7,1694,4,1.9,6,2.8,7.9,7.0,11.5,188.2,86.9,33,227,13.4,5.94,5.17,4,12,0,0.25,301,438,-137,0
Arizona Cardinals,2015,342,537,63.7,4671,35,6.5,11,2.0,8.7,9.1,13.7,291.9,104.6,25,151,4.4,8.04,8.41,13,3,0,0.813,489,313,176,1
Atlanta Falcons,2015,407,614,66.3,4591,21,3.4,16,2.6,7.5,7.0,11.3,286.9,89.0,30,203,4.7,6.81,6.35,8,8,0,0.5,339,345,-6,1
Baltimore Ravens,2015,266,413,64.4,2791,14,3.4,12,2.9,6.8,6.1,10.5,279.1,83.1,16,124,3.7,6.22,5.61,5,11,0,0.313,328,401,-73,0
Buffalo Bills,2015,242,380,63.7,3035,20,5.3,6,1.6,8.0,8.3,12.5,216.8,99.4,36,212,8.7,6.79,7.1,8,8,0,0.5,379,359,20,1
Carolina Panthers,2015,296,495,59.8,3837,35,7.1,10,2.0,7.8,8.3,13.0,239.8,99.4,33,284,6.3,6.73,7.2,15,1,0,0.938,500,308,192,1
Chicago Bears,2015,311,483,64.4,3659,21,4.3,11,2.3,7.6,7.4,11.8,243.9,92.3,29,150,5.7,6.85,6.71,6,10,0,0.375,335,397,-62,0
Cincinnati Bengals,2015,255,386,66.1,3250,25,6.5,7,1.8,8.4,8.9,12.7,250.0,106.2,20,118,4.9,7.71,8.17,12,4,0,0.75,419,279,140,1
Cleveland Browns,2015,186,292,63.7,2109,12,4.1,4,1.4,7.2,7.4,11.3,263.6,93.3,23,137,7.3,6.26,6.45,3,13,0,0.188,278,432,-154,0
Dallas Cowboys,2015,83,121,68.6,884,5,4.1,7,5.8,7.3,5.5,10.7,221.0,79.4,6,35,4.7,6.69,4.99,4,12,0,0.25,275,374,-99,0
Denver Broncos,2015,198,331,59.8,2249,9,2.7,17,5.1,6.8,5.0,11.4,224.9,67.9,16,95,4.6,6.21,4.52,12,4,0,0.75,355,296,59,1
Detroit Lions,2015,398,592,67.2,4262,32,5.4,13,2.2,7.2,7.3,10.7,266.4,97.0,44,251,6.9,6.31,6.39,7,9,0,0.438,358,400,-42,0
Green Bay Packers,2015,347,572,60.7,3821,31,5.4,8,1.4,6.7,7.1,11.0,238.8,92.7,46,314,7.4,5.67,6.1,10,6,0,0.625,368,323,45,1
Houston Texans,2015,224,369,60.7,2606,19,5.1,7,1.9,7.1,7.2,11.6,236.9,91.4,25,185,6.3,6.14,6.31,9,7,0,0.563,339,313,26,1
Indianapolis Colts,2015,162,293,55.3,1881,15,5.1,12,4.1,6.4,5.6,11.6,268.7,74.9,15,88,4.9,5.82,5.04,8,8,0,0.5,333,408,-75,1
Jacksonville Jaguars,2015,355,606,58.6,4428,35,5.8,18,3.0,7.3,7.1,12.5,276.8,88.2,51,320,7.8,6.25,6.09,5,11,0,0.313,376,448,-72,0
Kansas City Chiefs,2015,307,470,65.3,3486,20,4.3,7,1.5,7.4,7.6,11.4,217.9,95.4,45,235,8.7,6.31,6.48,11,5,0,0.688,405,287,118,1
Miami Dolphins,2015,363,586,61.9,4208,24,4.1,12,2.0,7.2,7.1,11.6,263.0,88.7,45,420,7.1,6.0,5.91,6,10,0,0.375,310,389,-79,0
Minnesota Vikings,2015,292,447,65.3,3231,14,3.1,9,2.0,7.2,6.9,11.1,201.9,88.7,44,307,9.0,5.96,5.7,11,5,0,0.688,365,302,63,1
New Orleans Saints,2015,428,627,68.3,4870,32,5.1,11,1.8,7.8,8.0,11.4,324.7,101.0,31,235,4.7,7.04,7.26,7,9,0,0.438,408,476,-68,0
New England Patriots,2015,402,624,64.4,4770,36,5.8,7,1.1,7.6,8.3,11.9,298.1,102.2,38,225,5.7,6.87,7.48,12,4,0,0.75,465,315,150,1
New York Giants,2015,387,618,62.6,4432,35,5.7,14,2.3,7.2,7.3,11.5,277.0,93.6,27,157,4.2,6.63,6.74,6,10,0,0.375,420,442,-22,0
New York Jets,2015,335,562,59.6,3905,31,5.5,15,2.7,6.9,6.9,11.7,244.1,88.0,19,94,3.3,6.56,6.46,10,6,0,0.625,387,314,73,1
Las Vegas Raiders,2015,350,573,61.1,3987,32,5.6,13,2.3,7.0,7.1,11.4,249.2,91.1,31,230,5.1,6.22,6.31,7,9,0,0.438,359,399,-40,0
Philadelphia Eagles,2015,346,532,65.0,3725,19,3.6,14,2.6,7.0,6.5,10.8,266.1,86.4,28,200,5.0,6.29,5.85,7,9,0,0.438,377,430,-53,0
Pittsburgh Steelers,2015,319,469,68.0,3938,21,4.5,16,3.4,8.4,7.8,12.3,328.2,94.5,20,141,4.1,7.76,7.15,10,6,0,0.625,423,319,104,1
Los Angeles Chargers,2015,437,661,66.1,4792,29,4.4,13,2.0,7.2,7.2,11.0,299.5,93.8,40,264,5.7,6.46,6.45,4,12,0,0.25,320,398,-78,0
Seattle Seahawks,2015,329,483,68.1,4024,34,7.0,8,1.7,8.3,9.0,12.2,251.5,110.1,45,265,8.5,7.12,7.73,10,6,0,0.625,423,277,146,1
San Francisco 49ers,2015,178,282,63.1,2031,10,3.5,7,2.5,7.2,6.8,11.4,253.9,86.2,25,164,8.1,6.08,5.71,5,11,0,0.313,238,387,-149,0
Los Angeles Rams,2015,190,337,56.4,2052,7,2.1,10,3.0,6.1,5.2,10.8,186.5,69.0,14,98,4.0,5.57,4.68,7,9,0,0.438,280,330,-50,0
Tampa Bay Buccaneers,2015,312,535,58.3,4042,22,4.1,15,2.8,7.6,7.1,13.0,252.6,84.2,27,190,4.8,6.85,6.44,6,10,0,0.375,342,417,-75,0
Tennessee Titans,2015,230,370,62.2,2818,19,5.1,10,2.7,7.6,7.4,12.3,234.8,91.5,38,258,9.3,6.27,6.1,3,13,0,0.188,299,423,-124,0
Washington Commanders,2015,379,543,69.8,4166,29,5.3,11,2.0,7.7,7.8,11.0,260.4,101.6,26,186,4.6,6.99,7.14,9,7,0,0.563,388,379,9,1
Arizona Cardinals,2016,364,597,61.0,4233,26,4.4,14,2.3,7.1,6.9,11.6,282.2,87.2,40,281,6.3,6.2,6.03,7,8,1,0.469,418,362,56,0
Atlanta Falcons,2016,373,534,69.9,4944,38,7.1,7,1.3,9.3,10.1,13.3,309.0,117.1,37,235,6.5,8.25,9.03,11,5,0,0.688,540,406,134,1
Baltimore Ravens,2016,436,672,64.9,4317,20,3.0,15,2.2,6.4,6.0,9.9,269.8,83.5,33,243,4.7,5.78,5.39,8,8,0,0.5,343,321,22,1
Buffalo Bills,2016,269,436,61.7,3023,17,3.9,6,1.4,6.9,7.1,11.2,201.5,89.7,42,192,8.8,5.92,6.07,7,9,0,0.438,399,378,21,0
Carolina Panthers,2016,270,510,52.9,3509,19,3.7,14,2.7,6.9,6.4,13.0,233.9,75.8,36,277,6.6,5.92,5.46,6,10,0,0.375,369,402,-33,0
Chicago Bears,2016,129,216,59.7,1611,8,3.7,14,6.5,7.5,5.3,12.5,230.1,68.3,6,43,2.7,7.06,4.95,3,13,0,0.188,279,399,-120,0
Cincinnati Bengals,2016,364,563,64.7,4206,18,3.2,8,1.4,7.5,7.5,11.6,262.9,91.8,41,264,6.8,6.53,6.53,6,9,1,0.406,325,315,10,0
Cleveland Browns,2016,128,195,65.6,1380,6,3.1,2,1.0,7.1,7.2,10.8,153.3,92.3,21,140,9.7,5.74,5.88,1,15,0,0.063,264,452,-188,0
Dallas Cowboys,2016,311,459,67.8,3667,23,5.0,4,0.9,8.0,8.6,11.8,229.2,104.9,25,143,5.2,7.28,7.86,13,3,0,0.813,421,306,115,1
Denver Broncos,2016,289,486,59.5,3401,18,3.7,10,2.1,7.0,6.8,11.8,242.9,84.6,31,187,6.0,6.22,6.04,9,7,0,0.563,333,297,36,1
Detroit Lions,2016,388,594,65.3,4327,24,4.0,10,1.7,7.3,7.3,11.2,270.4,93.3,37,216,5.9,6.52,6.56,9,7,0,0.563,346,358,-12,1
Green Bay Packers,2016,401,610,65.7,4428,40,6.6,7,1.1,7.3,8.1,11.0,276.8,104.2,35,246,5.4,6.48,7.24,10,6,0,0.625,432,388,44,1
Houston Texans,2016,301,510,59.0,2957,15,2.9,16,3.1,5.8,5.0,9.8,197.1,72.2,27,206,5.0,5.12,4.34,9,7,0,0.563,279,328,-49,1
Indianapolis Colts,2016,346,545,63.5,4240,31,5.7,13,2.4,7.8,7.8,12.3,282.7,96.4,41,268,7.0,6.78,6.84,8,8,0,0.5,411,392,19,1
Jacksonville Jaguars,2016,368,625,58.9,3905,23,3.7,16,2.6,6.2,5.8,10.6,244.1,78.8,34,197,5.2,5.63,5.23,3,13,0,0.188,318,400,-82,0
Kansas City Chiefs,2016,328,489,67.1,3502,15,3.1,8,1.6,7.2,7.0,10.7,233.5,91.2,28,140,5.4,6.5,6.39,12,4,0,0.75,389,311,78,1
Los Angeles Rams,2016,196,322,60.9,2201,9,2.8,11,3.4,6.8,5.9,11.2,220.1,76.4,23,140,6.7,5.97,5.06,4,12,0,0.25,224,394,-170,0
Miami Dolphins,2016,261,389,67.1,2995,19,4.9,12,3.1,7.7,7.3,11.5,230.4,93.5,29,216,6.9,6.65,6.27,10,6,0,0.625,363,380,-17,1
Minnesota Vikings,2016,395,552,71.6,3877,20,3.6,5,0.9,7.0,7.3,9.8,258.5,99.3,37,276,6.3,6.11,6.41,8,8,0,0.5,327,307,20,1
New Orleans Saints,2016,471,673,70.0,5208,37,5.5,15,2.2,7.7,7.8,11.1,325.5,101.7,27,184,3.9,7.18,7.27,7,9,0,0.438,469,454,15,0
New England Patriots,2016,291,432,67.4,3554,28,6.5,2,0.5,8.2,9.3,12.2,296.2,112.2,15,87,3.4,7.76,8.81,14,2,0,0.875,441,250,191,1
New York Giants,2016,377,598,63.0,4027,26,4.3,16,2.7,6.7,6.4,10.7,251.7,86.0,21,142,3.4,6.28,5.95,11,5,0,0.688,310,284,26,1
New York Jets,2016,228,403,56.6,2710,12,3.0,17,4.2,6.7,5.4,11.9,193.6,69.6,19,81,4.5,6.23,4.99,5,11,0,0.313,275,409,-134,0
Las Vegas Raiders,2016,357,560,63.8,3937,28,5.0,6,1.1,7.0,7.5,11.0,262.5,96.7,16,79,2.8,6.7,7.2,12,4,0,0.75,416,385,31,1
Philadelphia Eagles,2016,379,607,62.4,3782,16,2.6,14,2.3,6.2,5.7,10.0,236.4,79.3,33,213,5.2,5.58,5.09,7,9,0,0.438,367,331,36,0
Pittsburgh Steelers,2016,328,509,64.4,3819,29,5.7,13,2.6,7.5,7.5,11.6,272.8,95.4,17,141,3.2,6.99,6.98,11,5,0,0.688,399,327,72,1
Los Angeles Chargers,2016,349,578,60.4,4386,33,5.7,21,3.6,7.6,7.1,12.6,274.1,87.9,36,188,5.9,6.84,6.37,5,11,0,0.313,410,423,-13,0
Seattle Seahawks,2016,353,546,64.7,4219,21,3.8,11,2.0,7.7,7.6,12.0,263.7,92.6,41,293,7.0,6.69,6.56,10,5,1,0.656,354,292,62,1
San Francisco 49ers,2016,196,331,59.2,2241,16,4.8,4,1.2,6.8,7.2,11.4,186.8,90.7,36,207,9.8,5.54,5.92,2,14,0,0.125,309,480,-171,0
Tampa Bay Buccaneers,2016,345,567,60.8,4090,28,4.9,18,3.2,7.2,6.8,11.9,255.6,86.1,35,239,5.8,6.4,5.98,9,7,0,0.563,354,369,-15,1
Tennessee Titans,2016,276,451,61.2,3426,26,5.8,9,2.0,7.6,7.9,12.4,228.4,95.6,23,156,4.9,6.9,7.14,9,7,0,0.563,381,378,3,1
Washington Commanders,2016,406,606,67.0,4917,25,4.1,12,2.0,8.1,8.0,12.1,307.3,97.2,23,190,3.7,7.52,7.45,8,7,1,0.531,396,383,13,1
Arizona Cardinals,2017,164,267,61.4,1978,9,3.4,7,2.6,7.4,6.9,12.1,282.6,84.4,22,150,7.6,6.33,5.86,8,8,0,0.5,295,361,-66,1
Atlanta Falcons,2017,342,529,64.7,4095,20,3.8,12,2.3,7.7,7.5,12.0,255.9,91.4,24,156,4.3,7.12,6.87,10,6,0,0.625,353,315,38,1
Baltimore Ravens,2017,352,549,64.1,3141,18,3.3,13,2.4,5.7,5.3,8.9,196.3,80.4,27,205,4.7,5.1,4.71,9,7,0,0.563,395,303,92,1
Buffalo Bills,2017,263,420,62.6,2799,14,3.3,4,1.0,6.7,6.9,10.6,186.6,89.2,46,256,9.9,5.46,5.67,9,7,0,0.563,302,359,-57,1
Carolina Panthers,2017,291,492,59.1,3302,22,4.5,16,3.3,6.7,6.1,11.3,206.4,80.7,35,242,6.6,5.81,5.28,11,5,0,0.688,363,327,36,1
Chicago Bears,2017,196,330,59.4,2193,7,2.1,7,2.1,6.6,6.1,11.2,182.8,77.5,31,196,8.6,5.53,5.05,5,11,0,0.313,264,320,-56,0
Cincinnati Bengals,2017,297,496,59.9,3320,25,5.0,12,2.4,6.7,6.6,11.2,207.5,86.6,39,255,7.3,5.73,5.65,7,9,0,0.438,290,349,-59,0
Cleveland Browns,2017,255,476,53.6,2894,11,2.3,22,4.6,6.1,4.5,11.3,192.9,60.5,38,226,7.4,5.19,3.69,0,16,0,0.0,234,410,-176,0
Dallas Cowboys,2017,308,490,62.9,3324,22,4.5,13,2.7,6.8,6.5,10.8,207.8,86.6,32,185,6.1,6.01,5.74,9,7,0,0.563,354,332,22,1
Denver Broncos,2017,206,349,59.0,2285,12,3.4,14,4.0,6.5,5.4,11.1,207.7,73.3,33,220,8.6,5.41,4.38,5,11,0,0.313,289,382,-93,0
Detroit Lions,2017,371,565,65.7,4446,29,5.1,10,1.8,7.9,8.1,12.0,277.9,99.3,47,287,7.7,6.8,7.01,9,7,0,0.563,410,376,34,1
Green Bay Packers,2017,192,316,60.8,1836,9,2.8,12,3.8,5.8,4.7,9.6,166.9,70.6,29,197,8.4,4.75,3.71,7,9,0,0.438,320,384,-64,0
Houston Texans,2017,125,223,56.1,1412,5,2.2,6,2.7,6.3,5.6,11.3,176.5,71.4,21,159,8.6,5.14,4.44,4,12,0,0.25,338,436,-98,0
Indianapolis Colts,2017,276,469,58.8,3098,13,2.8,7,1.5,6.6,6.5,11.2,193.6,81.7,52,305,10.0,5.36,5.26,4,12,0,0.25,263,404,-141,0
Jacksonville Jaguars,2017,315,523,60.2,3687,21,4.0,13,2.5,7.0,6.7,11.7,230.4,84.7,24,123,4.4,6.52,6.21,10,6,0,0.625,417,268,149,1
Kansas City Chiefs,2017,341,505,67.5,4042,26,5.1,5,1.0,8.0,8.6,11.9,269.5,104.7,35,207,6.5,7.1,7.65,10,6,0,0.625,415,339,76,1
Los Angeles Chargers,2017,360,575,62.6,4515,28,4.9,10,1.7,7.9,8.0,12.5,282.2,96.0,18,120,3.0,7.41,7.6,9,7,0,0.563,355,272,83,1
Los Angeles Rams,2017,296,477,62.1,3804,28,5.9,7,1.5,8.0,8.5,12.9,253.6,100.5,25,172,5.0,7.24,7.72,11,5,0,0.688,478,329,149,1
Miami Dolphins,2017,266,429,62.0,2666,19,4.4,14,3.3,6.2,5.6,10.0,190.4,80.8,20,154,4.5,5.59,5.04,6,10,0,0.375,281,393,-112,0
Minnesota Vikings,2017,325,481,67.6,3547,22,4.6,7,1.5,7.4,7.6,10.9,236.5,98.3,22,136,4.4,6.78,7.03,13,3,0,0.813,382,252,130,1
New Orleans Saints,2017,386,536,72.0,4334,23,4.3,8,1.5,8.1,8.3,11.2,270.9,103.9,20,145,3.6,7.53,7.71,11,5,0,0.688,448,326,122,1
New England Patriots,2017,385,581,66.3,4577,32,5.5,8,1.4,7.9,8.4,11.9,286.1,102.8,35,201,5.7,7.1,7.56,13,3,0,0.813,458,296,162,1
New York Giants,2017,352,571,61.6,3468,19,3.3,13,2.3,6.1,5.7,9.9,231.2,80.4,31,189,5.1,5.45,5.11,3,13,0,0.188,246,388,-142,0
New York Jets,2017,267,397,67.3,2926,18,4.5,9,2.3,7.4,7.3,11.0,225.1,94.5,39,264,8.9,6.11,6.0,5,11,0,0.313,298,382,-84,0
Las Vegas Raiders,2017,323,515,62.7,3496,22,4.3,13,2.5,6.8,6.5,10.8,233.1,86.4,20,101,3.7,6.35,6.07,6,10,0,0.375,301,373,-72,0
Philadelphia Eagles,2017,265,440,60.2,3296,33,7.5,7,1.6,7.5,8.3,12.4,253.5,101.9,28,162,6.0,6.7,7.43,13,3,0,0.813,457,295,162,1
Pittsburgh Steelers,2017,360,561,64.2,4251,28,5.0,14,2.5,7.6,7.5,11.8,283.4,93.4,21,139,3.6,7.07,6.95,13,3,0,0.813,406,308,98,1
Seattle Seahawks,2017,339,553,61.3,3983,34,6.1,11,2.0,7.2,7.5,11.7,248.9,95.4,43,322,7.2,6.14,6.45,9,7,0,0.563,366,332,34,1
San Francisco 49ers,2017,123,224,54.9,1430,4,1.8,6,2.7,6.4,5.5,11.6,204.3,69.2,19,141,7.8,5.3,4.52,6,10,0,0.375,331,383,-52,0
Tampa Bay Buccaneers,2017,282,442,63.8,3504,19,4.3,11,2.5,7.9,7.7,12.4,269.5,92.2,33,207,6.9,6.94,6.7,5,11,0,0.313,335,382,-47,0
Tennessee Titans,2017,281,453,62.0,3232,13,2.9,15,3.3,7.1,6.2,11.5,215.5,79.3,27,173,5.6,6.37,5.51,9,7,0,0.563,334,356,-22,1
Washington Commanders,2017,347,540,64.3,4093,27,5.0,13,2.4,7.6,7.5,11.8,255.8,93.9,41,342,7.1,6.46,6.38,7,9,0,0.438,342,388,-46,0
Arizona Cardinals,2018,217,393,55.2,2278,11,2.8,14,3.6,5.8,4.8,10.5,162.7,66.7,45,320,10.3,4.47,3.53,3,13,0,0.188,225,425,-200,0
Atlanta Falcons,2018,422,608,69.4,4924,35,5.8,7,1.2,8.1,8.7,11.7,307.8,108.1,42,296,6.5,7.12,7.71,7,9,0,0.438,414,423,-9,0
Baltimore Ravens,2018,232,379,61.2,2465,12,3.2,6,1.6,6.5,6.4,10.6,273.9,84.2,16,79,4.1,6.04,5.96,10,6,0,0.625,389,287,102,1
Buffalo Bills,2018,169,320,52.8,2074,10,3.1,12,3.8,6.5,5.4,12.3,172.8,67.9,28,213,8.0,5.35,4.37,6,10,0,0.375,269,374,-105,0
Carolina Panthers,2018,320,471,67.9,3395,24,5.1,13,2.8,7.2,7.0,10.6,242.5,94.2,29,213,5.8,6.36,6.15,7,9,0,0.438,376,382,-6,0
Chicago Bears,2018,289,434,66.6,3223,24,5.5,12,2.8,7.4,7.3,11.2,230.2,95.4,24,143,5.2,6.72,6.59,12,4,0,0.75,421,283,138,1
Cincinnati Bengals,2018,226,365,61.9,2566,21,5.8,11,3.0,7.0,6.8,11.4,233.3,89.6,21,157,5.4,6.24,6.05,6,10,0,0.375,368,455,-87,0
Cleveland Browns,2018,310,486,63.8,3725,27,5.6,14,2.9,7.7,7.5,12.0,266.1,93.7,25,173,4.9,6.95,6.77,7,8,1,0.469,359,392,-33,0
Dallas Cowboys,2018,356,526,67.7,3885,22,4.2,8,1.5,7.4,7.5,10.9,242.8,96.9,56,347,9.6,6.08,6.22,10,6,0,0.625,339,324,15,1
Denver Broncos,2018,365,586,62.3,3890,18,3.1,15,2.6,6.6,6.1,10.7,243.1,81.2,34,235,5.5,5.9,5.39,6,10,0,0.375,329,349,-20,0
Detroit Lions,2018,367,555,66.1,3777,21,3.8,11,2.0,6.8,6.7,10.3,236.1,89.9,40,255,6.7,5.92,5.79,6,10,0,0.375,324,360,-36,0
Green Bay Packers,2018,372,597,62.3,4442,25,4.2,2,0.3,7.4,8.1,11.9,277.6,97.6,49,353,7.6,6.33,6.96,6,9,1,0.406,376,400,-24,0
Houston Texans,2018,345,505,68.3,4165,26,5.1,9,1.8,8.2,8.5,12.1,260.3,103.1,62,384,10.9,6.67,6.87,11,5,0,0.688,402,316,86,1
Indianapolis Colts,2018,430,639,67.3,4593,39,6.1,15,2.3,7.2,7.4,10.7,287.1,98.7,18,134,2.7,6.79,6.95,10,6,0,0.625,433,344,89,1
Jacksonville Jaguars,2018,243,403,60.3,2718,13,3.2,11,2.7,6.7,6.2,11.2,209.1,79.8,31,173,7.1,5.86,5.32,5,11,0,0.313,245,316,-71,0
Kansas City Chiefs,2018,383,580,66.0,5097,50,8.6,12,2.1,8.8,9.6,13.3,318.6,113.8,26,171,4.3,8.13,8.89,12,4,0,0.75,565,421,144,1
Los Angeles Chargers,2018,347,508,68.3,4308,32,6.3,12,2.4,8.5,8.7,12.4,269.3,105.5,32,204,5.9,7.6,7.79,12,4,0,0.75,428,329,99,1
Los Angeles Rams,2018,364,561,64.9,4688,32,5.7,12,2.1,8.4,8.5,12.9,293.0,101.1,33,223,5.6,7.52,7.69,13,3,0,0.813,527,384,143,1
Miami Dolphins,2018,176,274,64.2,1979,17,6.2,9,3.3,7.2,7.0,11.2,179.9,92.7,35,279,11.3,5.5,5.29,7,9,0,0.438,319,433,-114,0
Minnesota Vikings,2018,425,606,70.1,4298,30,5.0,10,1.7,7.1,7.3,10.1,268.6,99.7,40,262,6.2,6.25,6.48,8,7,1,0.531,360,341,19,1
New Orleans Saints,2018,364,489,74.4,3992,32,6.5,5,1.0,8.2,9.0,11.0,266.1,115.7,17,121,3.4,7.65,8.47,13,3,0,0.813,504,353,151,1
New England Patriots,2018,375,570,65.8,4355,29,5.1,11,1.9,7.6,7.8,11.6,272.2,97.7,21,147,3.6,7.12,7.26,11,5,0,0.688,436,325,111,1
New York Giants,2018,380,576,66.0,4299,21,3.6,11,1.9,7.5,7.3,11.3,268.7,92.4,47,358,7.5,6.33,6.21,5,11,0,0.313,369,412,-43,0
New York Jets,2018,239,414,57.7,2865,17,4.1,15,3.6,6.9,6.1,12.0,220.4,77.6,30,204,6.8,5.99,5.24,4,12,0,0.25,333,441,-108,0
Las Vegas Raiders,2018,381,553,68.9,4049,19,3.4,10,1.8,7.3,7.2,10.6,253.1,93.9,51,299,8.4,6.21,6.09,4,12,0,0.25,290,467,-177,0
Philadelphia Eagles,2018,279,401,69.6,3074,21,5.2,7,1.7,7.7,7.9,11.0,279.5,102.2,31,202,7.2,6.65,6.89,9,7,0,0.563,367,348,19,1
Pittsburgh Steelers,2018,452,675,67.0,5129,34,5.0,16,2.4,7.6,7.5,11.3,320.6,96.5,24,166,3.4,7.1,7.04,9,6,1,0.594,428,360,68,1
Seattle Seahawks,2018,280,427,65.6,3448,35,8.2,7,1.6,8.1,9.0,12.3,215.5,110.9,51,355,10.7,6.47,7.28,10,6,0,0.625,428,347,81,1
San Francisco 49ers,2018,176,274,64.2,2277,13,4.7,10,3.6,8.3,7.6,12.9,284.6,90.8,17,127,5.8,7.39,6.74,4,12,0,0.25,342,435,-93,0
Tampa Bay Buccaneers,2018,244,378,64.6,2992,19,5.0,14,3.7,7.9,7.3,12.3,272.0,90.2,27,157,6.7,7.0,6.38,5,11,0,0.313,396,464,-68,0
Tennessee Titans,2018,228,331,68.9,2528,11,3.3,8,2.4,7.6,7.2,11.1,180.6,92.3,42,243,11.3,6.13,5.75,9,7,0,0.563,310,303,7,1
Washington Commanders,2018,205,328,62.5,2180,10,3.0,5,1.5,6.6,6.6,10.6,218.0,85.7,22,121,6.3,5.88,5.81,7,9,0,0.438,281,359,-78,0
Arizona Cardinals,2019,349,542,64.4,3722,20,3.7,12,2.2,6.9,6.6,10.7,232.6,87.4,48,309,8.1,5.78,5.55,5,10,1,0.344,361,442,-81,0
Atlanta Falcons,2019,408,616,66.2,4466,26,4.2,14,2.3,7.3,7.1,10.9,297.7,92.1,48,316,7.2,6.25,6.08,7,9,0,0.438,381,399,-18,0
Baltimore Ravens,2019,265,401,66.1,3127,36,9.0,6,1.5,7.8,8.9,11.8,208.5,113.3,23,106,5.4,7.13,8.19,14,2,0,0.875,531,282,249,1
Buffalo Bills,2019,271,461,58.8,3089,20,4.3,9,2.0,6.7,6.7,11.4,193.1,85.3,38,237,7.6,5.72,5.71,10,6,0,0.625,314,259,55,1
Carolina Panthers,2019,303,489,62.0,3322,17,3.5,16,3.3,6.8,6.0,11.0,255.5,80.0,46,397,8.6,5.47,4.76,5,11,0,0.313,340,470,-130,0
Chicago Bears,2019,326,516,63.2,3138,17,3.3,10,1.9,6.1,5.9,9.6,209.2,83.0,38,234,6.9,5.24,5.04,8,8,0,0.5,280,298,-18,1
Cincinnati Bengals,2019,314,528,59.5,3494,16,3.0,14,2.7,6.6,6.0,11.1,268.8,78.3,37,249,6.5,5.74,5.19,2,14,0,0.125,279,420,-141,0
Cleveland Browns,2019,317,534,59.4,3827,22,4.1,21,3.9,7.2,6.2,12.1,239.2,78.8,40,285,7.0,6.17,5.29,6,10,0,0.375,335,393,-58,0
Dallas Cowboys,2019,388,596,65.1,4902,30,5.0,11,1.8,8.2,8.4,12.6,306.4,99.7,23,151,3.7,7.68,7.84,8,8,0,0.5,434,321,113,1
Denver Broncos,2019,171,262,65.3,1822,6,2.3,5,1.9,7.0,6.6,10.7,227.8,85.1,26,194,9.0,5.65,5.29,7,9,0,0.438,282,316,-34,0
Detroit Lions,2019,187,291,64.3,2499,19,6.5,5,1.7,8.6,9.1,13.4,312.4,106.0,18,137,5.8,7.64,8.15,3,12,1,0.219,341,423,-82,0
Green Bay Packers,2019,353,569,62.0,4002,26,4.6,4,0.7,7.0,7.6,11.3,250.1,95.4,36,284,6.0,6.15,6.71,13,3,0,0.813,376,313,63,1
Houston Texans,2019,333,495,67.3,3852,26,5.3,12,2.4,7.8,7.7,11.6,256.8,98.0,44,257,8.2,6.67,6.63,10,6,0,0.625,378,385,-7,1
Indianapolis Colts,2019,272,447,60.9,2942,18,4.0,6,1.3,6.6,6.8,10.8,196.1,88.0,27,159,5.7,5.87,6.06,7,9,0,0.438,361,373,-12,0
Jacksonville Jaguars,2019,285,470,60.6,3271,21,4.5,6,1.3,7.0,7.3,11.5,233.6,91.2,33,184,6.6,6.14,6.44,6,10,0,0.375,300,397,-97,0
Kansas City Chiefs,2019,319,484,65.9,4031,26,5.4,5,1.0,8.3,8.9,12.6,287.9,105.3,17,127,3.4,7.79,8.38,12,4,0,0.75,451,308,143,1
Los Angeles Chargers,2019,390,591,66.0,4615,23,3.9,20,3.4,7.8,7.1,11.8,288.4,88.5,34,222,5.4,7.03,6.32,5,11,0,0.313,337,345,-8,0
Los Angeles Rams,2019,394,626,62.9,4638,22,3.5,16,2.6,7.4,7.0,11.8,289.9,86.5,22,170,3.4,6.9,6.46,9,7,0,0.563,394,364,30,1
Miami Dolphins,2019,311,502,62.0,3529,20,4.0,13,2.6,7.0,6.7,11.3,235.3,85.5,40,209,7.4,6.13,5.78,5,11,0,0.313,306,494,-188,0
Minnesota Vikings,2019,307,444,69.1,3603,26,5.9,6,1.4,8.1,8.7,11.7,240.2,107.4,28,206,5.9,7.2,7.73,10,6,0,0.625,407,303,104,1
New Orleans Saints,2019,281,378,74.3,2979,27,7.1,4,1.1,7.9,8.8,10.6,270.8,116.3,12,89,3.1,7.41,8.33,13,3,0,0.813,458,341,117,1
New England Patriots,2019,373,613,60.8,4057,24,3.9,8,1.3,6.6,6.8,10.9,253.6,88.0,27,185,4.2,6.05,6.24,12,4,0,0.75,420,225,195,1
New York Giants,2019,284,459,61.9,3027,24,5.2,12,2.6,6.6,6.5,10.7,232.8,87.7,38,295,7.6,5.5,5.38,4,12,0,0.25,341,451,-110,0
New York Jets,2019,273,441,61.9,3024,19,4.3,13,2.9,6.9,6.4,11.1,232.6,84.3,33,212,7.0,5.93,5.5,7,9,0,0.438,276,359,-83,0
Las Vegas Raiders,2019,361,513,70.4,4054,21,4.1,8,1.6,7.9,8.0,11.2,253.4,100.8,29,184,5.4,7.14,7.25,7,9,0,0.438,313,419,-106,0
Philadelphia Eagles,2019,388,607,63.9,4039,27,4.4,7,1.2,6.7,7.0,10.4,252.4,93.1,37,230,5.7,5.91,6.26,9,7,0,0.563,385,354,31,1
Pittsburgh Steelers,2019,176,283,62.2,1765,13,4.6,9,3.2,6.2,5.7,10.0,176.5,82.0,15,124,5.0,5.51,5.02,8,8,0,0.5,289,303,-14,1
Seattle Seahawks,2019,341,516,66.1,4110,31,6.0,5,1.0,8.0,8.7,12.1,256.9,106.3,48,319,8.5,6.72,7.42,11,5,0,0.688,405,398,7,1
San Francisco 49ers,2019,329,476,69.1,3978,27,5.7,13,2.7,8.4,8.3,12.1,248.6,102.0,36,237,7.0,7.31,7.22,13,3,0,0.813,479,310,169,1
Tampa Bay Buccaneers,2019,380,626,60.7,5109,33,5.3,30,4.8,8.2,7.1,13.4,319.3,84.3,47,282,7.0,7.17,6.15,7,9,0,0.438,458,449,9,0
Tennessee Titans,2019,201,286,70.3,2742,22,7.7,6,2.1,9.6,10.2,13.6,228.5,117.5,31,212,9.8,7.98,8.52,9,7,0,0.563,402,331,71,1
Washington Commanders,2019,160,247,64.8,1707,11,4.5,5,2.0,6.9,6.9,10.7,170.7,91.3,15,145,5.7,5.96,5.94,3,13,0,0.188,266,435,-169,0
Arizona Cardinals,2020,375,558,67.2,3971,26,4.7,12,2.2,7.1,7.1,10.6,248.2,94.3,27,176,4.6,6.49,6.45,8,8,0,0.5,410,367,43,1
Atlanta Falcons,2020,407,626,65.0,4581,26,4.2,11,1.8,7.3,7.4,11.3,286.3,93.3,41,257,6.1,6.48,6.52,4,12,0,0.25,396,414,-18,0
Baltimore Ravens,2020,242,376,64.4,2757,26,6.9,9,2.4,7.3,7.6,11.4,183.8,99.3,29,160,7.2,6.41,6.7,11,5,0,0.688,468,303,165,1
Buffalo Bills,2020,396,572,69.2,4544,37,6.5,10,1.7,7.9,8.5,11.5,284.0,107.2,26,159,4.3,7.33,7.82,13,3,0,0.813,501,375,126,1
Carolina Panthers,2020,340,492,69.1,3733,15,3.0,11,2.2,7.6,7.2,11.0,248.9,92.1,31,205,5.9,6.75,6.37,5,11,0,0.313,350,402,-52,0
Chicago Bears,2020,202,312,64.7,1852,10,3.2,8,2.6,5.9,5.4,9.2,205.8,80.8,18,145,5.5,5.17,4.69,8,8,0,0.5,372,370,2,1
Cincinnati Bengals,2020,264,404,65.3,2688,13,3.2,5,1.2,6.7,6.7,10.2,268.8,89.8,32,231,7.3,5.64,5.72,4,11,1,0.281,311,424,-113,0
Cleveland Browns,2020,305,486,62.8,3563,26,5.3,8,1.6,7.3,7.7,11.7,222.7,95.9,26,162,5.1,6.64,6.96,11,5,0,0.688,408,419,-11,1
Dallas Cowboys,2020,216,333,64.9,2170,14,4.2,8,2.4,6.5,6.3,10.0,197.3,87.3,24,184,6.7,5.56,5.34,6,10,0,0.375,395,473,-78,0
Denver Broncos,2020,254,443,57.3,2933,16,3.6,15,3.4,6.6,5.8,11.5,225.6,75.4,19,123,4.1,6.08,5.31,5,11,0,0.313,323,446,-123,0
Detroit Lions,2020,339,528,64.2,4084,26,4.9,10,1.9,7.7,7.9,12.0,255.3,96.3,38,254,6.7,6.77,6.89,5,11,0,0.313,377,519,-142,0
Green Bay Packers,2020,372,526,70.7,4299,48,9.1,5,1.0,8.2,9.6,11.6,268.7,121.5,20,182,3.7,7.54,8.89,13,3,0,0.813,509,369,140,1
Houston Texans,2020,382,544,70.2,4823,33,6.1,7,1.3,8.9,9.5,12.6,301.4,112.4,49,293,8.3,7.64,8.22,4,12,0,0.25,384,464,-80,0
Indianapolis Colts,2020,369,543,68.0,4169,24,4.4,11,2.0,7.7,7.7,11.3,260.6,97.0,19,118,3.4,7.21,7.18,11,5,0,0.688,451,362,89,1
Jacksonville Jaguars,2020,216,327,66.1,2259,16,4.9,5,1.5,6.9,7.2,10.5,251.0,95.9,27,147,7.6,5.97,6.23,1,15,0,0.063,306,492,-186,0
Kansas City Chiefs,2020,390,588,66.3,4740,38,6.5,6,1.0,8.1,8.9,12.2,316.0,108.2,22,147,3.6,7.53,8.33,14,2,0,0.875,473,362,111,1
Los Angeles Chargers,2020,396,595,66.6,4336,31,5.2,10,1.7,7.3,7.6,10.9,289.1,98.3,32,218,5.1,6.57,6.84,7,9,0,0.438,384,426,-42,0
Los Angeles Rams,2020,370,552,67.0,3952,20,3.6,13,2.4,7.2,6.8,10.7,263.5,90.0,23,161,4.0,6.59,6.27,10,6,0,0.625,372,296,76,1
Miami Dolphins,2020,186,290,64.1,1814,11,3.8,5,1.7,6.3,6.2,9.8,181.4,87.1,20,136,6.5,5.41,5.4,10,6,0,0.625,404,338,66,1
Minnesota Vikings,2020,349,516,67.6,4265,35,6.8,13,2.5,8.3,8.5,12.2,266.6,105.0,39,256,7.0,7.22,7.43,7,9,0,0.438,430,475,-45,0
New Orleans Saints,2020,275,390,70.5,2942,24,6.2,6,1.5,7.5,8.1,10.7,245.2,106.4,13,89,3.2,7.08,7.6,12,4,0,0.75,482,337,145,1
New England Patriots,2020,242,368,65.8,2657,8,2.2,10,2.7,7.2,6.4,11.0,177.1,82.9,31,195,7.8,6.17,5.44,7,9,0,0.438,326,353,-27,0
New York Giants,2020,280,448,62.5,2943,11,2.5,10,2.2,6.6,6.1,10.5,210.2,80.4,45,286,9.1,5.39,4.92,6,10,0,0.375,280,357,-77,0
New York Jets,2020,217,364,59.6,2208,9,2.5,11,3.0,6.1,5.2,10.2,184.0,72.7,35,234,8.8,4.95,4.16,2,14,0,0.125,243,457,-214,0
Philadelphia Eagles,2020,251,437,57.4,2620,16,3.7,15,3.4,6.0,5.2,10.4,218.3,72.8,50,326,10.3,4.71,3.98,4,11,1,0.281,334,418,-84,0
Pittsburgh Steelers,2020,399,608,65.6,3803,33,5.4,10,1.6,6.3,6.6,9.5,253.5,94.1,13,118,2.1,5.93,6.27,12,4,0,0.75,416,312,104,1
Seattle Seahawks,2020,384,558,68.8,4212,40,7.2,13,2.3,7.5,7.9,11.0,263.3,105.1,47,301,7.8,6.46,6.82,12,4,0,0.75,459,371,88,1
San Francisco 49ers,2020,211,326,64.7,2437,12,3.7,12,3.7,7.5,6.6,11.5,243.7,84.1,19,139,5.5,6.66,5.79,6,10,0,0.375,376,390,-14,0
Tampa Bay Buccaneers,2020,401,610,65.7,4633,40,6.6,12,2.0,7.6,8.0,11.6,289.6,102.2,21,143,3.3,7.12,7.53,11,5,0,0.688,492,355,137,1
Tennessee Titans,2020,315,481,65.5,3819,33,6.9,7,1.5,7.9,8.7,12.1,238.7,106.5,24,173,4.8,7.22,7.9,11,5,0,0.688,491,439,52,1
Washington Commanders,2020,168,252,66.7,1582,6,2.4,8,3.2,6.3,5.3,9.4,197.8,78.5,22,139,8.0,5.27,4.39,7,9,0,0.438,335,329,6,0
Arizona Cardinals,2021,333,481,69.2,3787,24,5.0,10,2.1,7.9,7.9,11.4,270.5,100.6,31,286,6.1,6.84,6.9,11,6,0,0.647,449,366,83,1
Atlanta Falcons,2021,375,560,67.0,3968,20,3.6,12,2.1,7.1,6.8,10.6,233.4,90.4,40,274,6.7,6.16,5.92,7,10,0,0.412,313,459,-146,0
Baltimore Ravens,2021,246,382,64.4,2882,16,4.2,13,3.4,7.5,6.9,11.7,240.2,87.0,38,190,9.0,6.41,5.78,8,9,0,0.471,387,392,-5,0
Buffalo Bills,2021,409,646,63.3,4407,36,5.6,15,2.3,6.8,6.9,10.8,259.2,92.2,26,164,3.9,6.31,6.38,11,6,0,0.647,483,289,194,1
Carolina Panthers,2021,243,406,59.9,2527,9,2.2,13,3.2,6.2,5.2,10.4,210.6,71.9,35,204,7.9,5.27,4.35,5,12,0,0.294,304,404,-100,0
Chicago Bears,2021,159,270,58.9,1870,7,2.6,10,3.7,6.9,5.8,11.8,155.8,73.2,36,264,11.8,5.25,4.24,6,11,0,0.353,311,407,-96,0
Cincinnati Bengals,2021,366,520,70.4,4611,34,6.5,14,2.7,8.9,9.0,12.6,288.2,108.3,51,370,8.9,7.43,7.51,10,7,0,0.588,460,376,84,1
Cleveland Browns,2021,253,418,60.5,3010,17,4.1,13,3.1,7.2,6.6,11.9,215.0,83.1,43,269,9.3,5.95,5.41,8,9,0,0.471,349,371,-22,0
Dallas Cowboys,2021,410,596,68.8,4449,37,6.2,10,1.7,7.5,8.0,10.9,278.1,104.2,30,144,4.8,6.88,7.34,12,5,0,0.706,530,358,172,1
Denver Broncos,2021,285,426,66.9,3052,18,4.2,7,1.6,7.2,7.3,10.7,218.0,94.9,31,211,6.8,6.22,6.32,7,10,0,0.412,335,322,13,0
Detroit Lions,2021,332,494,67.2,3245,19,3.8,8,1.6,6.6,6.6,9.8,231.8,91.5,35,280,6.6,5.6,5.64,3,13,1,0.206,325,467,-142,0
Green Bay Packers,2021,366,531,68.9,4115,37,7.0,4,0.8,7.7,8.8,11.2,257.2,111.9,30,188,5.3,7.0,8.0,13,4,0,0.765,450,371,79,1
Houston Texans,2021,263,394,66.8,2664,16,4.1,10,2.5,6.8,6.4,10.1,204.9,88.8,31,206,7.3,5.78,5.48,4,13,0,0.235,280,452,-172,0
Indianapolis Colts,2021,322,516,62.4,3563,27,5.2,7,1.4,6.9,7.3,11.1,209.6,94.6,32,227,5.8,6.09,6.5,9,8,0,0.529,451,365,86,1
Jacksonville Jaguars,2021,359,602,59.6,3641,12,2.0,17,2.8,6.0,5.2,10.1,214.2,71.9,32,238,5.0,5.37,4.54,3,14,0,0.176,253,457,-204,0
Kansas City Chiefs,2021,436,658,66.3,4839,37,5.6,13,2.0,7.4,7.6,11.1,284.6,98.5,28,146,4.1,6.84,7.07,12,5,0,0.706,480,364,116,1
Los Angeles Chargers,2021,443,672,65.9,5014,38,5.7,15,2.2,7.5,7.6,11.3,294.9,97.7,31,214,4.4,6.83,6.95,9,8,0,0.529,474,459,15,1
Los Angeles Rams,2021,404,601,67.2,4886,41,6.8,17,2.8,8.1,8.2,12.1,287.4,102.9,30,243,4.8,7.36,7.45,12,5,0,0.706,460,372,88,1
Miami Dolphins,2021,263,388,67.8,2653,16,4.1,10,2.6,6.8,6.5,10.1,204.1,90.1,20,152,4.9,6.13,5.81,9,8,0,0.529,341,373,-32,1
Minnesota Vikings,2021,372,561,66.3,4221,33,5.9,7,1.2,7.5,8.1,11.3,263.8,103.1,28,197,4.8,6.83,7.42,8,9,0,0.471,425,426,-1,0
New Orleans Saints,2021,108,188,57.4,1154,11,5.9,3,1.6,6.1,6.6,10.7,192.3,88.4,9,64,4.6,5.53,5.96,9,8,0,0.529,364,335,29,1
New England Patriots,2021,352,521,67.6,3801,22,4.2,13,2.5,7.3,7.0,10.8,223.6,92.5,28,241,5.1,6.48,6.22,10,7,0,0.588,462,303,159,1
New York Giants,2021,232,361,64.3,2428,10,2.8,7,1.9,6.7,6.4,10.5,220.7,84.8,22,160,5.7,5.92,5.62,4,13,0,0.235,258,416,-158,0
New York Jets,2021,213,383,55.6,2334,9,2.3,11,2.9,6.1,5.3,11.0,179.5,69.7,44,370,10.3,4.6,3.86,4,13,0,0.235,310,504,-194,0
Philadelphia Eagles,2021,265,432,61.3,3144,16,3.7,9,2.1,7.3,7.1,11.9,209.6,87.2,26,150,5.7,6.54,6.35,9,8,0,0.529,444,385,59,1
Pittsburgh Steelers,2021,390,605,64.5,3740,22,3.6,10,1.7,6.2,6.2,9.6,233.8,86.8,38,239,5.9,5.44,5.43,9,7,1,0.559,343,398,-55,1
Seattle Seahawks,2021,259,400,64.8,3113,25,6.3,6,1.5,7.8,8.4,12.0,222.4,103.1,33,266,7.6,6.58,7.11,7,10,0,0.412,395,366,29,0
San Francisco 49ers,2021,301,441,68.3,3810,20,4.5,12,2.7,8.6,8.3,12.7,254.0,98.7,29,201,6.2,7.68,7.38,10,7,0,0.588,427,365,62,1
Tampa Bay Buccaneers,2021,485,719,67.5,5316,43,6.0,12,1.7,7.4,7.8,11.0,312.7,102.1,22,144,3.0,6.98,7.41,13,4,0,0.765,511,353,158,1
Tennessee Titans,2021,357,531,67.2,3734,21,4.0,14,2.6,7.0,6.6,10.5,219.6,89.6,47,327,8.1,5.89,5.53,12,5,0,0.706,419,354,65,1
Washington Commanders,2021,321,494,65.0,3419,20,4.0,15,3.0,6.9,6.4,10.7,213.7,85.9,38,278,7.1,5.9,5.39,7,10,0,0.412,335,434,-99,0
